-- phpMyAdmin SQL Dump
-- version 4.9.0.1
-- https://www.phpmyadmin.net/
--
-- Host: 127.0.0.1
-- Generation Time: Aug 26, 2020 at 07:50 AM
-- Server version: 10.4.6-MariaDB
-- PHP Version: 7.3.8

SET SQL_MODE = "NO_AUTO_VALUE_ON_ZERO";
SET AUTOCOMMIT = 0;
START TRANSACTION;
SET time_zone = "+00:00";


/*!40101 SET @OLD_CHARACTER_SET_CLIENT=@@CHARACTER_SET_CLIENT */;
/*!40101 SET @OLD_CHARACTER_SET_RESULTS=@@CHARACTER_SET_RESULTS */;
/*!40101 SET @OLD_COLLATION_CONNECTION=@@COLLATION_CONNECTION */;
/*!40101 SET NAMES utf8mb4 */;

--
-- Database: `lapi`
--

-- --------------------------------------------------------

--
-- Table structure for table `failed_jobs`
--

CREATE TABLE `failed_jobs` (
  `id` bigint(20) UNSIGNED NOT NULL,
  `connection` text COLLATE utf8mb4_unicode_ci NOT NULL,
  `queue` text COLLATE utf8mb4_unicode_ci NOT NULL,
  `payload` longtext COLLATE utf8mb4_unicode_ci NOT NULL,
  `exception` longtext COLLATE utf8mb4_unicode_ci NOT NULL,
  `failed_at` timestamp NOT NULL DEFAULT current_timestamp()
) ENGINE=InnoDB DEFAULT CHARSET=utf8mb4 COLLATE=utf8mb4_unicode_ci;

-- --------------------------------------------------------

--
-- Table structure for table `migrations`
--

CREATE TABLE `migrations` (
  `id` int(10) UNSIGNED NOT NULL,
  `migration` varchar(255) COLLATE utf8mb4_unicode_ci NOT NULL,
  `batch` int(11) NOT NULL
) ENGINE=InnoDB DEFAULT CHARSET=utf8mb4 COLLATE=utf8mb4_unicode_ci;

--
-- Dumping data for table `migrations`
--

INSERT INTO `migrations` (`id`, `migration`, `batch`) VALUES
(1, '2014_10_12_000000_create_users_table', 1),
(2, '2014_10_12_100000_create_password_resets_table', 1),
(3, '2019_08_19_000000_create_failed_jobs_table', 1),
(4, '2020_08_24_163518_create_products_table', 1),
(5, '2020_08_24_165436_create_reviews_table', 1);

-- --------------------------------------------------------

--
-- Table structure for table `password_resets`
--

CREATE TABLE `password_resets` (
  `email` varchar(255) COLLATE utf8mb4_unicode_ci NOT NULL,
  `token` varchar(255) COLLATE utf8mb4_unicode_ci NOT NULL,
  `created_at` timestamp NULL DEFAULT NULL
) ENGINE=InnoDB DEFAULT CHARSET=utf8mb4 COLLATE=utf8mb4_unicode_ci;

-- --------------------------------------------------------

--
-- Table structure for table `products`
--

CREATE TABLE `products` (
  `id` int(10) UNSIGNED NOT NULL,
  `name` varchar(255) COLLATE utf8mb4_unicode_ci NOT NULL,
  `detail` varchar(255) COLLATE utf8mb4_unicode_ci NOT NULL,
  `price` int(11) NOT NULL,
  `stock` int(11) NOT NULL,
  `discount` int(11) NOT NULL,
  `created_at` timestamp NULL DEFAULT NULL,
  `updated_at` timestamp NULL DEFAULT NULL
) ENGINE=InnoDB DEFAULT CHARSET=utf8mb4 COLLATE=utf8mb4_unicode_ci;

--
-- Dumping data for table `products`
--

INSERT INTO `products` (`id`, `name`, `detail`, `price`, `stock`, `discount`, `created_at`, `updated_at`) VALUES
(1, 'dolores', 'Ipsum sit eveniet repudiandae aut architecto voluptas vitae. Accusantium aliquam non facilis dignissimos illum. Laboriosam voluptatem rem debitis dolorum. Molestiae provident voluptas et ducimus excepturi sint.', 748, 5, 28, '2020-08-25 23:48:41', '2020-08-25 23:48:41'),
(2, 'et', 'Et sit molestiae omnis fuga. Ex quis voluptatem harum minus quis molestiae quia.', 475, 0, 10, '2020-08-25 23:48:41', '2020-08-25 23:48:41'),
(3, 'dignissimos', 'Debitis magnam numquam excepturi. Inventore dolorem nesciunt nemo quae qui. Dolore dignissimos iste eligendi voluptatum voluptas. Et iusto cumque iure omnis nesciunt veniam distinctio.', 613, 3, 25, '2020-08-25 23:48:41', '2020-08-25 23:48:41'),
(4, 'qui', 'Magni inventore ea sunt sed et est. Consequatur aut hic non maiores dignissimos quasi. Labore sit sit atque non placeat pariatur perspiciatis. In aut velit sit eius nihil.', 126, 9, 19, '2020-08-25 23:48:41', '2020-08-25 23:48:41'),
(5, 'dolore', 'Aperiam blanditiis qui praesentium placeat vel. Et ut nesciunt aut autem corporis. Et asperiores dolor qui accusantium. In similique consequatur vero suscipit.', 950, 5, 16, '2020-08-25 23:48:42', '2020-08-25 23:48:42'),
(6, 'quia', 'Quia sapiente quod placeat consequatur dignissimos. Eius nesciunt libero earum dolor et harum dolorum corrupti. Esse ratione rerum laudantium modi autem.', 873, 7, 24, '2020-08-25 23:48:42', '2020-08-25 23:48:42'),
(7, 'quo', 'Beatae officia ipsum ut vel nisi omnis ratione. Nam et reiciendis ipsa quis et veritatis. Eligendi et impedit nesciunt tenetur. Aut nisi est et.', 312, 1, 24, '2020-08-25 23:48:42', '2020-08-25 23:48:42'),
(8, 'illo', 'Sed nostrum ut in nisi recusandae. Assumenda quos officiis aliquam cum rerum. Quis nobis ut est voluptas esse. Aut facere non quia perspiciatis ea repudiandae voluptatum aspernatur.', 526, 0, 10, '2020-08-25 23:48:42', '2020-08-25 23:48:42'),
(9, 'sint', 'Ipsa non quia et asperiores optio. Et asperiores ullam quas rerum in in. Accusantium harum maxime ut modi.', 511, 4, 4, '2020-08-25 23:48:42', '2020-08-25 23:48:42'),
(10, 'repudiandae', 'Est eum qui consequatur quia. Ut delectus aut reprehenderit tenetur adipisci ea deleniti. Similique vel iste quas voluptatum modi molestias porro. Dolor sit quia dolores suscipit aut.', 163, 8, 17, '2020-08-25 23:48:42', '2020-08-25 23:48:42'),
(11, 'voluptates', 'Impedit unde beatae voluptas quisquam. Omnis commodi quia blanditiis eligendi laborum unde quidem. Culpa enim et ipsum blanditiis in molestiae nam et. Voluptatum velit eum corrupti possimus sint.', 135, 5, 17, '2020-08-25 23:48:42', '2020-08-25 23:48:42'),
(12, 'inventore', 'Voluptas nisi fugiat atque ut minima. Ea sequi rerum exercitationem iusto vel vero. Qui excepturi ut voluptates sit voluptatem.', 441, 1, 20, '2020-08-25 23:48:42', '2020-08-25 23:48:42'),
(13, 'ut', 'Totam sed ut aut nobis aut molestias facilis accusantium. Sunt quo et illum officiis hic nulla quia. Exercitationem accusamus est aut cupiditate dolorem. Illum repellat accusantium quaerat consectetur. Et rerum illum aut aliquam ut.', 816, 2, 19, '2020-08-25 23:48:42', '2020-08-25 23:48:42'),
(14, 'dolore', 'Voluptate harum qui in non. Rerum nihil repellat ad sit dolorum ut impedit. Ad nesciunt beatae consequuntur saepe.', 382, 1, 25, '2020-08-25 23:48:42', '2020-08-25 23:48:42'),
(15, 'voluptatem', 'Ipsam neque labore voluptas ullam. Quod qui odit deserunt eos non. Iusto architecto aut repudiandae id vel consequatur. Doloremque consequatur ullam est repellendus in praesentium ipsam. Et nostrum quas voluptatem et fugit asperiores.', 803, 6, 27, '2020-08-25 23:48:42', '2020-08-25 23:48:42'),
(16, 'atque', 'Excepturi ad commodi id rerum perspiciatis qui. Ut nihil asperiores eos. Labore suscipit alias ad qui et a.', 425, 2, 17, '2020-08-25 23:48:42', '2020-08-25 23:48:42'),
(17, 'quo', 'Sint fuga inventore voluptatibus at. Et laborum est rerum ex aut dolorum. Eum accusamus eum iure non ut veritatis.', 637, 4, 9, '2020-08-25 23:48:42', '2020-08-25 23:48:42'),
(18, 'voluptatem', 'Vitae fuga ea repellendus delectus incidunt molestias sed sint. Delectus recusandae quas aliquam libero. Omnis aperiam modi iste iste aliquid ex laudantium itaque.', 294, 1, 28, '2020-08-25 23:48:42', '2020-08-25 23:48:42'),
(19, 'qui', 'Rerum magni id possimus. Possimus non blanditiis voluptatem facilis non est. Quo est et dolor harum aut distinctio. Quibusdam est sint laborum expedita.', 332, 9, 22, '2020-08-25 23:48:42', '2020-08-25 23:48:42'),
(20, 'facilis', 'Pariatur illum non vel ut ipsa est. Error ut ad sit porro ut.', 735, 4, 4, '2020-08-25 23:48:42', '2020-08-25 23:48:42'),
(21, 'reprehenderit', 'Ullam esse in veritatis. Eius temporibus eius id quidem. Illo vel laborum nam voluptates sint fugit.', 284, 5, 5, '2020-08-25 23:48:42', '2020-08-25 23:48:42'),
(22, 'cumque', 'Odit perferendis ullam inventore aut. Deleniti eos eius officiis eum et qui. Fugit explicabo alias quasi non pariatur nihil similique est.', 257, 4, 2, '2020-08-25 23:48:42', '2020-08-25 23:48:42'),
(23, 'voluptates', 'Hic est accusantium dolor minus voluptatem non. Et dolore nostrum est doloremque.', 656, 2, 19, '2020-08-25 23:48:42', '2020-08-25 23:48:42'),
(24, 'ut', 'Aut nesciunt iste voluptate qui. Ea aut sapiente non. Pariatur repellat voluptatem beatae laboriosam.', 329, 1, 10, '2020-08-25 23:48:42', '2020-08-25 23:48:42'),
(25, 'pariatur', 'Iste ut earum debitis velit enim explicabo laborum. Recusandae debitis porro quo adipisci. Non qui sed beatae doloremque doloremque et voluptatem. Omnis dicta enim exercitationem ut dignissimos.', 506, 3, 30, '2020-08-25 23:48:42', '2020-08-25 23:48:42'),
(26, 'est', 'Qui officia repellendus quia. Quam laudantium rerum dolor sed molestiae nihil. Perferendis voluptatibus consectetur dignissimos eum quia. Ut architecto dolor possimus illum incidunt accusantium.', 272, 6, 24, '2020-08-25 23:48:42', '2020-08-25 23:48:42'),
(27, 'animi', 'Est eos harum hic omnis iusto ullam nobis. Et fugit itaque sint et aut. Provident dolore asperiores assumenda et tempora aut.', 967, 3, 14, '2020-08-25 23:48:42', '2020-08-25 23:48:42'),
(28, 'aut', 'Perferendis fugiat quas repellendus natus rerum ea nihil laudantium. Id consectetur consequuntur voluptate magnam temporibus magnam. Et debitis et cum cumque aut. Explicabo et aut ipsum quisquam minima et omnis.', 226, 7, 23, '2020-08-25 23:48:42', '2020-08-25 23:48:42'),
(29, 'ut', 'Illum assumenda suscipit et adipisci fuga est. Suscipit eveniet sed quia delectus eos quos. Deserunt alias quo consectetur omnis. Tenetur ut voluptatem recusandae aut.', 806, 7, 6, '2020-08-25 23:48:42', '2020-08-25 23:48:42'),
(30, 'numquam', 'Ut illo dolor inventore vitae. Repudiandae dolores quas et voluptatem minus nesciunt iusto. Asperiores repudiandae aut quidem et et rerum rem. Magni possimus voluptatibus error cupiditate distinctio officia.', 426, 6, 18, '2020-08-25 23:48:42', '2020-08-25 23:48:42'),
(31, 'iste', 'Molestias voluptatem consequatur id accusantium. Nihil quam id velit vitae.', 671, 3, 14, '2020-08-25 23:48:43', '2020-08-25 23:48:43'),
(32, 'aliquam', 'Aspernatur non molestias et voluptatibus rerum perspiciatis ipsam. Autem dolorem beatae sint soluta eum voluptatem quia. Ut libero vitae omnis. Molestiae ut aspernatur nihil vero sed.', 720, 9, 21, '2020-08-25 23:48:43', '2020-08-25 23:48:43'),
(33, 'vel', 'Cum culpa magnam laboriosam illum. Praesentium non soluta voluptatem numquam mollitia velit vitae. Accusamus odit et modi ut commodi ut.', 319, 0, 13, '2020-08-25 23:48:43', '2020-08-25 23:48:43'),
(34, 'ea', 'Est molestiae nisi sit dolore unde odio. Aspernatur quis rem consequatur molestiae molestiae laboriosam.', 653, 2, 29, '2020-08-25 23:48:43', '2020-08-25 23:48:43'),
(35, 'aliquid', 'Nihil dolores unde occaecati placeat occaecati deserunt assumenda asperiores. Optio qui maiores maiores libero voluptates ut. Harum odio perspiciatis quia consectetur. Illum expedita at non nesciunt odit consequuntur corporis molestias.', 147, 5, 19, '2020-08-25 23:48:43', '2020-08-25 23:48:43'),
(36, 'qui', 'Officiis et reprehenderit id accusantium qui voluptas. Sunt ut autem aut enim. Hic a omnis enim blanditiis.', 150, 6, 15, '2020-08-25 23:48:43', '2020-08-25 23:48:43'),
(37, 'quod', 'A unde omnis et illum et sint debitis. Et veniam quo aut illum voluptas ullam. Atque reiciendis non eum magni ab. Veritatis placeat voluptate id molestias ipsam occaecati repudiandae.', 377, 4, 23, '2020-08-25 23:48:43', '2020-08-25 23:48:43'),
(38, 'et', 'Dolore tenetur magni laborum nihil. Qui ut rem minus dignissimos saepe maxime non dolore. Facere magnam aut nesciunt excepturi.', 777, 5, 17, '2020-08-25 23:48:43', '2020-08-25 23:48:43'),
(39, 'et', 'Voluptatem numquam tempora excepturi quia ut repellendus animi doloremque. Autem rem libero et veniam veritatis adipisci. Explicabo ullam molestias laudantium laborum distinctio.', 945, 4, 13, '2020-08-25 23:48:43', '2020-08-25 23:48:43'),
(40, 'velit', 'Recusandae sed rerum culpa ut repudiandae et eos et. Dolores nihil asperiores modi deleniti saepe. Dolores vel nobis id delectus ut aut rerum eaque. Aperiam et esse dolores quas.', 770, 5, 21, '2020-08-25 23:48:43', '2020-08-25 23:48:43'),
(41, 'et', 'Facilis sed rerum omnis. Sint exercitationem nulla delectus. Perferendis enim ut accusamus doloribus.', 670, 6, 26, '2020-08-25 23:48:43', '2020-08-25 23:48:43'),
(42, 'quod', 'Iste corporis quis nemo quis quae. Est cumque nihil itaque modi doloribus libero voluptatem. Numquam numquam quisquam repellat. Beatae sequi porro voluptas ad qui.', 590, 6, 4, '2020-08-25 23:48:43', '2020-08-25 23:48:43'),
(43, 'natus', 'Aliquam amet similique aut ut consequatur sit eveniet consectetur. Dolore consequatur quos exercitationem deserunt. Ullam nesciunt excepturi necessitatibus et quis rerum. Aut sed vero dolorem sint molestiae a consequatur nisi.', 929, 7, 6, '2020-08-25 23:48:43', '2020-08-25 23:48:43'),
(44, 'illum', 'Temporibus et tempore fugit rem saepe consequatur. Voluptas ut numquam sequi. In et at consectetur aliquam accusamus ea harum.', 726, 8, 25, '2020-08-25 23:48:43', '2020-08-25 23:48:43'),
(45, 'fugiat', 'Velit et totam culpa quibusdam rerum eos quisquam. Voluptatem aut maiores atque. Eum rerum ea ipsa sequi et. Eveniet non debitis occaecati sunt.', 699, 4, 8, '2020-08-25 23:48:43', '2020-08-25 23:48:43'),
(46, 'quia', 'Vero aperiam voluptas corporis sapiente dolores quam rerum. Et magnam laborum sequi id accusamus. Quasi nulla nemo voluptatem iusto iste. Labore ut deserunt minus voluptas necessitatibus asperiores.', 217, 0, 16, '2020-08-25 23:48:43', '2020-08-25 23:48:43'),
(47, 'perspiciatis', 'Fugit voluptatem quod voluptas ullam nesciunt sapiente. Quia dolorum illo voluptate.', 184, 7, 21, '2020-08-25 23:48:43', '2020-08-25 23:48:43'),
(48, 'rem', 'Quas reiciendis atque autem et minima. Error earum odio consequatur eveniet qui ad. Voluptatem quod repellendus delectus officia dolorem modi. Odit tenetur necessitatibus nihil aut.', 898, 3, 4, '2020-08-25 23:48:43', '2020-08-25 23:48:43'),
(49, 'rerum', 'Possimus corrupti beatae et architecto. Non in qui quos error. Consectetur laudantium omnis excepturi vel enim assumenda. Vitae tempore vero eum dolores.', 499, 1, 7, '2020-08-25 23:48:43', '2020-08-25 23:48:43'),
(50, 'iure', 'Autem adipisci quam non dolore et. Placeat soluta quod voluptas tempora vel explicabo. Sit aspernatur laborum est autem.', 269, 9, 5, '2020-08-25 23:48:43', '2020-08-25 23:48:43');

-- --------------------------------------------------------

--
-- Table structure for table `reviews`
--

CREATE TABLE `reviews` (
  `id` int(10) UNSIGNED NOT NULL,
  `product_id` int(10) UNSIGNED NOT NULL,
  `customer` varchar(255) COLLATE utf8mb4_unicode_ci NOT NULL,
  `review` text COLLATE utf8mb4_unicode_ci NOT NULL,
  `star` int(11) NOT NULL,
  `created_at` timestamp NULL DEFAULT NULL,
  `updated_at` timestamp NULL DEFAULT NULL
) ENGINE=InnoDB DEFAULT CHARSET=utf8mb4 COLLATE=utf8mb4_unicode_ci;

--
-- Dumping data for table `reviews`
--

INSERT INTO `reviews` (`id`, `product_id`, `customer`, `review`, `star`, `created_at`, `updated_at`) VALUES
(1, 9, 'Kitty Lockman', 'Ut modi sint impedit eveniet neque totam corrupti facere. Aut quas architecto deserunt quam. In nesciunt odit vitae aut doloribus id ipsa enim. Id ullam impedit quia tempora. Nobis assumenda aut eligendi tempore aliquam rerum nisi consequuntur.', 1, '2020-08-25 23:48:43', '2020-08-25 23:48:43'),
(2, 28, 'Sherwood Marks I', 'Incidunt voluptatem ut quod ea quis et. Commodi sit eos molestias quas fugiat. Consectetur repellat nemo et consequatur ullam quia quas aspernatur.', 1, '2020-08-25 23:48:44', '2020-08-25 23:48:44'),
(3, 21, 'Mitchell Purdy', 'Quasi laborum repellat debitis ea. Pariatur minus eos magnam rerum minima reiciendis odio.', 1, '2020-08-25 23:48:44', '2020-08-25 23:48:44'),
(4, 32, 'Dr. Domenica Heaney PhD', 'Soluta deleniti nemo est temporibus eos sed. Dolore placeat aut ad iusto exercitationem harum. Ratione dignissimos velit nihil voluptatem non ullam qui. Ea consequatur enim ut.', 2, '2020-08-25 23:48:44', '2020-08-25 23:48:44'),
(5, 24, 'Prof. Ayana Wolff', 'Rerum id et sed placeat. Fugiat qui expedita fuga sit similique eligendi. Dolorem quas odit suscipit et autem dolores ab. Sit velit quia fugit.', 3, '2020-08-25 23:48:44', '2020-08-25 23:48:44'),
(6, 39, 'Alivia Monahan V', 'In ut dicta accusamus sed sunt molestias aspernatur. Sunt consequatur beatae dolorem et. Quis quo deleniti ab maiores. Non culpa voluptatum aut iusto dolore perferendis omnis.', 4, '2020-08-25 23:48:44', '2020-08-25 23:48:44'),
(7, 3, 'Prof. Amani Mraz', 'Vitae dolores et eum sit dignissimos voluptates. Necessitatibus numquam beatae voluptatem atque. Nobis ex consequatur assumenda velit. Ratione velit exercitationem commodi enim doloremque maiores consequuntur dicta.', 1, '2020-08-25 23:48:44', '2020-08-25 23:48:44'),
(8, 22, 'Mallory Jones', 'Est temporibus labore corrupti eaque. Dignissimos quos cumque minus quia magnam quae at commodi. Rerum quas voluptas dolor minima minima voluptatibus blanditiis. Earum est cum est. Corrupti eum quas culpa rem quidem.', 2, '2020-08-25 23:48:44', '2020-08-25 23:48:44'),
(9, 45, 'Dr. Lane Morissette', 'Ut ab laborum sed sit odit. Qui possimus consequuntur atque cupiditate ea cumque quis earum. Velit quia sint beatae officiis odio. Sint occaecati laboriosam quaerat voluptatem non sit ab.', 1, '2020-08-25 23:48:44', '2020-08-25 23:48:44'),
(10, 34, 'Morton Douglas Jr.', 'Rerum aliquam facere nobis. Beatae quis maiores aut. Labore quae voluptas ducimus deserunt provident dolor. Culpa placeat voluptatem et qui inventore et ut.', 5, '2020-08-25 23:48:44', '2020-08-25 23:48:44'),
(11, 37, 'Mrs. Daphney Hane DVM', 'Sint soluta dolor qui ratione aut. Porro quasi aliquid ut vel pariatur minus. Aut commodi dicta laudantium ipsam rerum ut.', 5, '2020-08-25 23:48:44', '2020-08-25 23:48:44'),
(12, 6, 'Tabitha Fritsch', 'Omnis et est cum laudantium voluptatibus. Dolorem omnis maxime et beatae. Quo voluptatem a nemo. Non autem non veniam corrupti sit ut earum.', 4, '2020-08-25 23:48:44', '2020-08-25 23:48:44'),
(13, 46, 'Deron Ryan', 'Aut sed quia fugit doloremque sit. Inventore dolorem dicta et nisi molestias dolore ut. Eos enim non illo reprehenderit facilis.', 5, '2020-08-25 23:48:44', '2020-08-25 23:48:44'),
(14, 27, 'Mr. Solon Cummings', 'Quidem sapiente quia voluptatem totam qui. Totam voluptatem reiciendis qui non possimus deleniti placeat. Repudiandae eveniet natus adipisci et.', 2, '2020-08-25 23:48:44', '2020-08-25 23:48:44'),
(15, 27, 'Mittie Feest', 'Doloribus quo qui velit sint hic sapiente voluptas dolor. Qui numquam distinctio itaque sed fuga. Esse repellendus quae ut doloribus sequi laudantium. Mollitia autem quis officiis nostrum.', 2, '2020-08-25 23:48:44', '2020-08-25 23:48:44'),
(16, 11, 'Eldon O\'Reilly', 'Reiciendis quo repellat enim quia beatae ad vitae. Ipsa laudantium sint ex ut rerum voluptas. Doloremque iure iusto esse quisquam modi pariatur nam.', 4, '2020-08-25 23:48:44', '2020-08-25 23:48:44'),
(17, 25, 'Miss Burdette Cormier', 'Magnam vel excepturi inventore. Quo ducimus quidem delectus voluptate voluptatibus dolores est. Ut accusamus nobis est consectetur enim iste.', 2, '2020-08-25 23:48:44', '2020-08-25 23:48:44'),
(18, 12, 'Jaycee Mraz', 'Facilis qui soluta aut possimus. Vel eum fugiat perferendis similique sequi quia. Rerum nobis sequi in.', 4, '2020-08-25 23:48:44', '2020-08-25 23:48:44'),
(19, 18, 'Edgar Renner', 'Deserunt aperiam quasi fugit velit et. Et aliquam blanditiis aut dolore cum veritatis et. Quas reiciendis facilis earum minima. Alias ut voluptate facere.', 3, '2020-08-25 23:48:44', '2020-08-25 23:48:44'),
(20, 45, 'Blanche Hickle', 'Sit quis ex reprehenderit maiores iure. Atque quaerat debitis rerum dolorum vitae tempore debitis. Omnis est quis quo est ut excepturi adipisci voluptates. Laborum alias dolorem voluptatem aut nam odio qui nihil. Nostrum nobis alias asperiores maxime.', 2, '2020-08-25 23:48:44', '2020-08-25 23:48:44'),
(21, 29, 'Elroy Schowalter', 'Vel suscipit ut repellat ut sint rerum. Dignissimos dolor sint officia voluptas. Praesentium qui voluptatum sed doloremque quo. Impedit non architecto et repellat eos.', 3, '2020-08-25 23:48:44', '2020-08-25 23:48:44'),
(22, 7, 'Sandra Senger', 'Commodi cumque aut magnam voluptatem. Iusto possimus vel eum velit id facilis maxime.', 4, '2020-08-25 23:48:44', '2020-08-25 23:48:44'),
(23, 45, 'Murray Kuvalis PhD', 'Vero illo ex id cupiditate natus. Ipsa qui optio omnis fugiat facilis. Adipisci sint exercitationem et molestiae et corporis modi quis. Earum ducimus quis fugiat deleniti architecto eos magnam.', 3, '2020-08-25 23:48:44', '2020-08-25 23:48:44'),
(24, 31, 'Oleta Weissnat', 'Modi alias ipsam rerum eos voluptates et. Ut cupiditate nisi architecto aut quos earum. Repellat voluptatibus pariatur qui qui ipsam perspiciatis deleniti. Dolor dolores beatae deleniti corrupti dolores rerum.', 3, '2020-08-25 23:48:44', '2020-08-25 23:48:44'),
(25, 37, 'Prof. Leonel Beahan Jr.', 'Et dolores voluptatibus non molestiae. Libero expedita aut repellat ipsum quis autem aut doloribus. Occaecati odit expedita ducimus vel. Sed assumenda et nemo et quibusdam totam necessitatibus et.', 5, '2020-08-25 23:48:44', '2020-08-25 23:48:44'),
(26, 8, 'Terence Dare', 'A harum omnis dolorum sint commodi. Ducimus eos ut assumenda qui. Quo nam ipsum aut. Magnam et sequi iure est officia quas eius. Est rerum veniam tempora id non est.', 4, '2020-08-25 23:48:44', '2020-08-25 23:48:44'),
(27, 1, 'Deanna Ondricka', 'Aut accusamus voluptas modi ea labore. Dicta dolores dolorem quia nisi sit ipsum hic. Dolor est necessitatibus doloremque reprehenderit delectus id dignissimos omnis. Qui voluptatibus eveniet modi quia necessitatibus cum.', 3, '2020-08-25 23:48:44', '2020-08-25 23:48:44'),
(28, 18, 'Dr. Devin Heidenreich V', 'Doloremque ea quibusdam non quia molestias in. Dolorem quas voluptatem corrupti voluptatem dolorum. Nostrum nulla qui voluptatum.', 2, '2020-08-25 23:48:44', '2020-08-25 23:48:44'),
(29, 20, 'Buford Wisoky Jr.', 'Error quo velit qui. Quo eos cupiditate libero aut ad. Quo aspernatur deleniti expedita iste quia autem praesentium. Quibusdam rem et culpa inventore.', 4, '2020-08-25 23:48:44', '2020-08-25 23:48:44'),
(30, 23, 'Carolina Krajcik', 'Eum ut libero dolorum non tempora corporis. Animi possimus quibusdam vitae qui fugit quasi alias quos. Ex eos nemo quibusdam ipsa explicabo ullam dignissimos.', 3, '2020-08-25 23:48:44', '2020-08-25 23:48:44'),
(31, 9, 'Garret Moore', 'Aperiam saepe asperiores aut et. Sunt reiciendis qui est. Earum porro dolorum est omnis quae non quaerat. Et et aut dolores quae soluta fuga est.', 4, '2020-08-25 23:48:44', '2020-08-25 23:48:44'),
(32, 18, 'Ms. Amy Gusikowski', 'Rerum quas nihil ut. Praesentium voluptatibus maxime dolorem dicta sint voluptates. Dolores error enim aut blanditiis repellat officiis molestias. Ea velit iste enim aut totam.', 4, '2020-08-25 23:48:44', '2020-08-25 23:48:44'),
(33, 1, 'Prof. Helen Roberts III', 'Ullam incidunt eos mollitia excepturi in. Doloremque id veritatis sequi fugit tempora repellendus fuga quis. Quo quaerat qui excepturi blanditiis. Perspiciatis nesciunt sit quis expedita placeat aut.', 1, '2020-08-25 23:48:44', '2020-08-25 23:48:44'),
(34, 3, 'Katelynn Hodkiewicz II', 'Voluptatem minima eius aut. Hic quisquam odit repellat deserunt quam exercitationem. Tempore nihil optio quia itaque et.', 5, '2020-08-25 23:48:44', '2020-08-25 23:48:44'),
(35, 17, 'Prof. Shanny Cartwright', 'Quae a repellendus id perspiciatis. Illo voluptates corporis voluptatem et facilis iusto. Dolor aut dolorem dolorem quidem similique.', 1, '2020-08-25 23:48:44', '2020-08-25 23:48:44'),
(36, 26, 'Dr. Benton Ledner', 'Nisi voluptatem maiores ullam hic facere quia suscipit. Ut qui cumque eligendi ut porro numquam rerum.', 4, '2020-08-25 23:48:44', '2020-08-25 23:48:44'),
(37, 20, 'Nathen Raynor', 'Voluptatem dolores id voluptatibus sint. Assumenda magni et nesciunt itaque et ad. Quaerat occaecati nobis nihil eos consectetur autem molestias debitis.', 5, '2020-08-25 23:48:44', '2020-08-25 23:48:44'),
(38, 11, 'Caroline Hagenes', 'Aut illo itaque sed quis est. Similique at ratione reiciendis vitae. Modi unde in expedita dolores voluptas. Quia esse et rerum quae sunt nihil est et.', 1, '2020-08-25 23:48:44', '2020-08-25 23:48:44'),
(39, 12, 'Tony Bashirian', 'Ullam illum eligendi voluptatibus ducimus sit reprehenderit. Reiciendis aut delectus cum non similique sit. Voluptates dolores necessitatibus adipisci.', 5, '2020-08-25 23:48:45', '2020-08-25 23:48:45'),
(40, 37, 'Bill Will', 'Deserunt magni eum corporis commodi accusantium. Ducimus voluptas voluptas voluptas dolore et. Quia quis suscipit quo veritatis. Fugit architecto deserunt explicabo ab architecto esse nulla ea.', 4, '2020-08-25 23:48:45', '2020-08-25 23:48:45'),
(41, 22, 'Ms. Elfrieda Schumm PhD', 'Iusto voluptatem tenetur consequatur ratione laborum. Optio voluptatem cumque in mollitia at sunt id eos. Voluptatem quia labore error et provident omnis.', 1, '2020-08-25 23:48:45', '2020-08-25 23:48:45'),
(42, 22, 'Kaden Gusikowski', 'Eos fugit ab ea. Occaecati veritatis aut et reprehenderit dolore. Mollitia dolores soluta cum magnam perspiciatis ullam tempore. Illo minus sed commodi iste non voluptas suscipit.', 5, '2020-08-25 23:48:45', '2020-08-25 23:48:45'),
(43, 10, 'Myah Olson PhD', 'Aut voluptas ipsam modi neque et ut sed rerum. Assumenda est blanditiis est sequi deleniti. Dolorem cum delectus quia voluptatem illum. Est facilis illum omnis ea.', 2, '2020-08-25 23:48:45', '2020-08-25 23:48:45'),
(44, 9, 'Alexis Tromp', 'Dolores pariatur molestias laboriosam est voluptate impedit. Mollitia velit ut deserunt qui aut necessitatibus voluptatibus. Dolores quidem magnam magni fugiat doloribus iure et. Quis commodi ad possimus est voluptatem corrupti eum.', 4, '2020-08-25 23:48:45', '2020-08-25 23:48:45'),
(45, 39, 'Toby Bode', 'Aut autem ipsa assumenda. Voluptatum possimus aut aliquam voluptas. Velit dicta velit ipsum ea minus. Aliquid amet eveniet consequatur omnis.', 2, '2020-08-25 23:48:45', '2020-08-25 23:48:45'),
(46, 24, 'Frankie Reinger Sr.', 'Rerum impedit rem est soluta excepturi reprehenderit. Nemo rerum temporibus voluptatibus expedita. Id ipsum qui quisquam totam quia libero. Quo ut optio corrupti error ut rem.', 1, '2020-08-25 23:48:45', '2020-08-25 23:48:45'),
(47, 10, 'Mr. Cristina Schamberger', 'Saepe reiciendis ea debitis pariatur laudantium. Illo dignissimos cupiditate quos. Quas repudiandae magni amet ut nemo autem. Deserunt voluptas atque incidunt. Ipsam et nihil et ut at omnis.', 5, '2020-08-25 23:48:45', '2020-08-25 23:48:45'),
(48, 33, 'Geoffrey Olson', 'Delectus labore voluptatem illo qui. Cum aut architecto illum perferendis. Optio natus et rerum molestias distinctio.', 2, '2020-08-25 23:48:45', '2020-08-25 23:48:45'),
(49, 3, 'Shany Ferry', 'Eveniet voluptate quibusdam facere quaerat fugit quod voluptatum. Itaque sed officia ex harum. Assumenda et quasi minima odit temporibus. Natus consequatur facere pariatur.', 4, '2020-08-25 23:48:45', '2020-08-25 23:48:45'),
(50, 14, 'Claire Shanahan', 'Occaecati corrupti asperiores corporis quia. Dolores provident voluptas fugiat placeat ea qui. Inventore soluta consequatur aut molestiae hic.', 1, '2020-08-25 23:48:45', '2020-08-25 23:48:45'),
(51, 47, 'Dr. Hortense Moen I', 'Nihil deserunt aut atque enim consequatur totam asperiores. Est itaque sapiente eveniet eaque quae. Laborum sapiente vel nisi qui est aut saepe.', 4, '2020-08-25 23:48:45', '2020-08-25 23:48:45'),
(52, 44, 'Ms. Casandra Monahan', 'Aut animi nemo eos voluptatem enim. Qui expedita et consequuntur tenetur suscipit. Voluptatem dolor eum velit modi. Quos excepturi nihil nisi qui laboriosam.', 3, '2020-08-25 23:48:45', '2020-08-25 23:48:45'),
(53, 23, 'Christ Nienow', 'Voluptas vel cupiditate repellendus amet ipsam reprehenderit. Vitae deserunt repellat cupiditate odit. Recusandae id labore beatae ut dolor quo voluptate.', 3, '2020-08-25 23:48:45', '2020-08-25 23:48:45'),
(54, 33, 'Dr. Carlee Stokes PhD', 'Molestiae voluptas qui iste et. Quos voluptas cum recusandae et et. Nesciunt doloremque pariatur quia velit dolor dolor totam ut. Eveniet autem quia ratione sed et debitis.', 1, '2020-08-25 23:48:45', '2020-08-25 23:48:45'),
(55, 36, 'Arlie Simonis', 'Ullam omnis doloribus quia aut. Ut corrupti soluta tempore et atque vel rerum velit. Animi voluptatem repellat dolor magni sunt cupiditate id.', 4, '2020-08-25 23:48:45', '2020-08-25 23:48:45'),
(56, 23, 'Myrtis Rutherford II', 'Nam rerum omnis nostrum cumque rerum porro. Voluptatem impedit repudiandae odit quo sed ut et. Dolor quia quidem assumenda ducimus tempora facere molestiae.', 2, '2020-08-25 23:48:45', '2020-08-25 23:48:45'),
(57, 44, 'Myrl Robel', 'Sit totam eos magnam qui ratione ducimus. Fugit dicta unde quae dolorem quidem. Est perspiciatis molestiae dolor.', 2, '2020-08-25 23:48:45', '2020-08-25 23:48:45'),
(58, 27, 'Kendall Gibson V', 'Mollitia suscipit ut harum. Ad aliquam et illum reprehenderit sed quam et et.', 3, '2020-08-25 23:48:45', '2020-08-25 23:48:45'),
(59, 1, 'Mateo Feest', 'Repellat veniam est aut perferendis ducimus. Laudantium repellat facere earum unde. Omnis tempora minima atque molestiae rem. Modi optio non fuga veritatis sit cupiditate corporis.', 5, '2020-08-25 23:48:45', '2020-08-25 23:48:45'),
(60, 45, 'Judd Stark', 'Iure enim nihil omnis fugiat. Molestiae et eos reiciendis. Illo voluptatibus quos non quo.', 2, '2020-08-25 23:48:45', '2020-08-25 23:48:45'),
(61, 23, 'Mr. Kennedi Leuschke', 'Voluptates eos et itaque suscipit consequuntur. Id mollitia quas qui omnis eum. Qui ex reiciendis asperiores dolorem ex perferendis consectetur. Maiores necessitatibus itaque accusantium error hic deserunt dolorum commodi.', 4, '2020-08-25 23:48:45', '2020-08-25 23:48:45'),
(62, 42, 'Naomie Satterfield DVM', 'Dignissimos eligendi quo minima earum. Laudantium et necessitatibus occaecati velit exercitationem dolor temporibus.', 3, '2020-08-25 23:48:45', '2020-08-25 23:48:45'),
(63, 38, 'Sammy Gulgowski', 'Est et a eveniet doloremque. Necessitatibus voluptatem consequatur odio quia iure ullam. Eius illo perferendis nisi saepe voluptatem. Laborum suscipit non asperiores suscipit.', 2, '2020-08-25 23:48:45', '2020-08-25 23:48:45'),
(64, 20, 'Leonard Reichel', 'Error est iure sunt quis eligendi. In excepturi ut voluptatibus totam. Est possimus molestias rerum tempore. Dicta dolor facere eius provident distinctio illum.', 4, '2020-08-25 23:48:45', '2020-08-25 23:48:45'),
(65, 17, 'Abraham Grady', 'Corrupti aut aut qui aliquid placeat repudiandae. Tempora sunt voluptatem distinctio. Minima laboriosam excepturi blanditiis repellat molestias praesentium voluptas.', 5, '2020-08-25 23:48:45', '2020-08-25 23:48:45'),
(66, 8, 'Lexi Ebert', 'Aut delectus qui qui soluta aliquid repellat et voluptatem. In iure debitis dolor molestiae qui. Assumenda optio repudiandae quo non libero.', 4, '2020-08-25 23:48:45', '2020-08-25 23:48:45'),
(67, 8, 'Margot O\'Conner', 'Cupiditate molestiae tempore velit ea dicta. Quia voluptatibus ea accusantium vel ullam aspernatur eaque non.', 3, '2020-08-25 23:48:45', '2020-08-25 23:48:45'),
(68, 26, 'Jarod Kunde', 'Est saepe aut ut quis quisquam officia. Ut assumenda nemo alias rerum ut. Dolor nulla laborum voluptas ducimus fugit dolor vel.', 3, '2020-08-25 23:48:45', '2020-08-25 23:48:45'),
(69, 37, 'Velma Hickle', 'Suscipit adipisci et ut dicta hic. Ullam necessitatibus soluta ullam et asperiores. Sunt quis dolorum cupiditate occaecati dicta perferendis. Amet iusto est esse assumenda.', 3, '2020-08-25 23:48:45', '2020-08-25 23:48:45'),
(70, 20, 'Miss Susan Dare', 'Dignissimos distinctio optio reprehenderit quas quae aperiam. Assumenda molestiae consequatur voluptas dolorum repellat in. Veritatis earum illum animi. Distinctio culpa consequatur et deleniti perspiciatis eum.', 5, '2020-08-25 23:48:45', '2020-08-25 23:48:45'),
(71, 20, 'Ramiro Blanda', 'Dignissimos sunt qui sint numquam est dolore voluptate nisi. Quisquam veniam dolorem dolore error qui consequatur voluptate. Dolore nobis voluptates consequatur at et est. Tempora eos est totam.', 3, '2020-08-25 23:48:46', '2020-08-25 23:48:46'),
(72, 20, 'Jolie Will', 'Quidem ipsam dolorem aut dolor non architecto ducimus. Alias provident quibusdam facere nobis veniam sequi. Totam dolor architecto assumenda molestias.', 5, '2020-08-25 23:48:46', '2020-08-25 23:48:46'),
(73, 42, 'Carmela Koss IV', 'Deserunt saepe tempora modi sint. Omnis et eligendi vel nobis non modi.', 3, '2020-08-25 23:48:46', '2020-08-25 23:48:46'),
(74, 34, 'Addison Larson', 'Dignissimos temporibus velit aut sed reprehenderit. Reprehenderit quidem eum et sunt temporibus provident. Eveniet aliquid qui ut.', 2, '2020-08-25 23:48:46', '2020-08-25 23:48:46'),
(75, 32, 'Cristobal Little V', 'Adipisci beatae rerum enim deserunt. Autem tempora harum nulla eos nostrum sequi et. Ab quaerat accusantium quis qui incidunt.', 1, '2020-08-25 23:48:46', '2020-08-25 23:48:46'),
(76, 7, 'Petra Sauer Jr.', 'Qui rerum eos mollitia maiores a autem eos. Dolor et in ut. Et aliquid magni consectetur voluptas vel iure.', 4, '2020-08-25 23:48:46', '2020-08-25 23:48:46'),
(77, 36, 'Richmond Zboncak', 'Delectus earum expedita et velit. Sequi neque odit excepturi. Beatae neque culpa quod ad.', 2, '2020-08-25 23:48:46', '2020-08-25 23:48:46'),
(78, 11, 'Nedra Eichmann III', 'Nemo et rerum dolores dolores quia minus iste. Quidem non incidunt optio laudantium. Voluptates aut nam error ratione est. Et delectus labore aliquid suscipit hic vitae aut.', 5, '2020-08-25 23:48:46', '2020-08-25 23:48:46'),
(79, 17, 'Mr. Trystan Sipes Jr.', 'Placeat excepturi facere ad non voluptas esse. Nostrum et earum id esse veniam laboriosam laborum adipisci. Odit iste ut tempore voluptate voluptatem.', 4, '2020-08-25 23:48:46', '2020-08-25 23:48:46'),
(80, 35, 'Kellen Schaefer', 'Facilis dolor aut cum enim culpa rerum. Aut nam aut sint atque. Provident ullam porro et et assumenda aut. Doloribus ut at beatae aut nobis.', 3, '2020-08-25 23:48:46', '2020-08-25 23:48:46'),
(81, 16, 'Lily Moen', 'Non voluptatibus dolor sapiente similique dolores laboriosam enim quod. Occaecati hic reiciendis qui officia sed inventore optio.', 2, '2020-08-25 23:48:46', '2020-08-25 23:48:46'),
(82, 44, 'Mrs. Katherine Beahan', 'Ut excepturi suscipit delectus omnis. Rem in molestiae nostrum voluptatibus. Neque hic molestiae rem distinctio cum. Non illum culpa ut explicabo ab.', 5, '2020-08-25 23:48:46', '2020-08-25 23:48:46'),
(83, 14, 'Mrs. Joanie Keeling', 'Quia consequatur aut officia odit qui. Facilis consequuntur deserunt sit quaerat velit. Dolor molestiae eius dicta qui. Ratione voluptatem accusantium aliquid sed exercitationem quo dicta.', 2, '2020-08-25 23:48:46', '2020-08-25 23:48:46'),
(84, 41, 'Rogers Witting V', 'Sint maxime omnis tempore aliquam illum delectus debitis. Doloribus dignissimos eos qui voluptatem non.', 1, '2020-08-25 23:48:46', '2020-08-25 23:48:46'),
(85, 37, 'Cali Klocko', 'Earum aliquid minus at et quaerat dolorum. Aut quia neque et enim error praesentium in. Aut ut dolorem quibusdam nesciunt est. Ea natus exercitationem voluptatem sed beatae.', 1, '2020-08-25 23:48:46', '2020-08-25 23:48:46'),
(86, 7, 'Mohammad Parker', 'Explicabo quos exercitationem labore. Quia est earum et laboriosam rerum aliquam.', 2, '2020-08-25 23:48:46', '2020-08-25 23:48:46'),
(87, 17, 'Raphaelle Corwin Sr.', 'Illum autem omnis aliquam hic modi exercitationem. Voluptas voluptas adipisci dignissimos est ab architecto.', 4, '2020-08-25 23:48:46', '2020-08-25 23:48:46'),
(88, 16, 'Dr. Jennifer Schneider I', 'Consequatur cupiditate amet totam. Nihil laborum vero autem dolores quos dolorum. Ex quaerat minus dignissimos.', 2, '2020-08-25 23:48:46', '2020-08-25 23:48:46'),
(89, 6, 'Ford Paucek', 'Necessitatibus aut vero sed ab. Eos quo accusamus ut rerum labore alias impedit. Quia et culpa repudiandae eos aut reiciendis velit. Cumque voluptatem mollitia consequuntur ratione asperiores est. Fugiat sed accusamus sit enim est assumenda esse.', 1, '2020-08-25 23:48:46', '2020-08-25 23:48:46'),
(90, 13, 'Clifton Buckridge', 'Esse dolor aut et beatae illo debitis. Ratione quo qui architecto vel. Optio qui et voluptatem praesentium dolores at.', 4, '2020-08-25 23:48:46', '2020-08-25 23:48:46'),
(91, 18, 'Myrtis Green MD', 'Quis nostrum velit voluptatem consequatur vel perspiciatis. Rerum dicta magnam est rerum consequuntur. Iste placeat atque et delectus.', 5, '2020-08-25 23:48:46', '2020-08-25 23:48:46'),
(92, 47, 'Kamille Corkery', 'Aliquid accusantium dolorem ducimus quis a. Sint repudiandae omnis molestias quia omnis saepe est. Dolor similique occaecati aut vero exercitationem inventore. Quod totam animi enim.', 1, '2020-08-25 23:48:46', '2020-08-25 23:48:46'),
(93, 8, 'Janie Simonis', 'Rerum dolor non non atque. Neque aliquam repudiandae ea quo enim sit. Corrupti perferendis similique distinctio corporis laborum ratione dicta enim.', 3, '2020-08-25 23:48:46', '2020-08-25 23:48:46'),
(94, 31, 'Ms. Lyda Schimmel', 'Voluptas et est velit provident deleniti. Aut excepturi dolore assumenda reiciendis sit. Et voluptatem impedit odit optio aut. Sit quod impedit dolore autem quisquam quo a.', 3, '2020-08-25 23:48:46', '2020-08-25 23:48:46'),
(95, 7, 'Francesca Turcotte', 'Fugiat perspiciatis dolorem error accusamus fugiat aut. Voluptas voluptatem pariatur nihil ipsam excepturi. Reprehenderit qui quia nemo non.', 5, '2020-08-25 23:48:46', '2020-08-25 23:48:46'),
(96, 39, 'Riley Oberbrunner I', 'Quasi qui quia nemo rerum molestiae. Autem ea sed vitae. Quidem voluptatem recusandae qui aut est molestiae. Omnis eum et aut asperiores eos maxime perferendis aspernatur. Totam ab voluptatem fuga maiores.', 5, '2020-08-25 23:48:47', '2020-08-25 23:48:47'),
(97, 15, 'Mr. Sid Harvey II', 'Delectus occaecati necessitatibus maiores non tempore illum labore nisi. Fugit eius autem laudantium dolore libero non voluptatem. Voluptatem totam et voluptates consequatur nihil pariatur. Ut et adipisci aut.', 4, '2020-08-25 23:48:47', '2020-08-25 23:48:47'),
(98, 29, 'Vinnie Mueller', 'Suscipit veniam occaecati itaque laudantium. Numquam eos aut ab. Ab veritatis quia ea nisi soluta rerum eius.', 4, '2020-08-25 23:48:47', '2020-08-25 23:48:47'),
(99, 49, 'Joannie Gutmann', 'Consequuntur qui voluptatum dolorum ea tempora distinctio in molestias. At neque architecto totam molestias nostrum. Eveniet harum qui id omnis qui consequuntur. Autem sint doloribus nulla.', 3, '2020-08-25 23:48:47', '2020-08-25 23:48:47'),
(100, 45, 'Jermey Swaniawski', 'Est maxime aliquid aut est temporibus. Dolorum distinctio odit distinctio temporibus deleniti omnis.', 4, '2020-08-25 23:48:47', '2020-08-25 23:48:47'),
(101, 19, 'Magali Considine', 'Voluptas molestiae possimus deserunt libero ipsam repudiandae. Non asperiores odio id impedit illum et iste. Debitis cum et qui quia vel.', 1, '2020-08-25 23:48:47', '2020-08-25 23:48:47'),
(102, 18, 'Ms. Alisa Runte', 'Expedita distinctio similique similique mollitia repellat. Consequatur eligendi ut dignissimos ea repudiandae reiciendis nam.', 5, '2020-08-25 23:48:47', '2020-08-25 23:48:47'),
(103, 21, 'Mara Macejkovic', 'Animi veniam laboriosam qui voluptatem labore officia. Et quia nulla incidunt ipsa natus reiciendis ut molestiae. Non ut delectus mollitia ipsam officiis illo laboriosam.', 3, '2020-08-25 23:48:47', '2020-08-25 23:48:47'),
(104, 13, 'Erwin Emmerich PhD', 'Provident vel in et beatae. In non ipsum velit eos cupiditate ipsam necessitatibus. Tenetur ut labore maiores est ea quaerat quibusdam non.', 3, '2020-08-25 23:48:47', '2020-08-25 23:48:47'),
(105, 20, 'Dexter Schmitt III', 'Qui temporibus facilis fuga reiciendis expedita magni debitis. Quam corrupti sit consequatur et eligendi rerum doloribus. Magnam est enim maxime nostrum sed maiores possimus sit. Quidem veniam architecto ratione voluptas.', 5, '2020-08-25 23:48:47', '2020-08-25 23:48:47'),
(106, 28, 'Susanna Schoen', 'Quia est ab qui. Autem recusandae et vel non impedit.', 1, '2020-08-25 23:48:47', '2020-08-25 23:48:47'),
(107, 24, 'Rashawn Douglas', 'Eos laudantium et deleniti sint tempore iste necessitatibus. Deleniti dolores et nulla dicta. Accusamus porro minima ut sed neque in. Nulla enim at mollitia fuga laborum quas.', 3, '2020-08-25 23:48:47', '2020-08-25 23:48:47'),
(108, 45, 'Prof. Carmel Klocko IV', 'Numquam aut quia quia vitae perferendis. Excepturi velit nihil optio et harum quo. Vitae enim rerum magni.', 2, '2020-08-25 23:48:47', '2020-08-25 23:48:47'),
(109, 30, 'Adelia Schowalter', 'Optio nam id officiis quaerat nihil. Debitis optio est dolorem delectus qui. Consequatur est id similique sed tenetur autem laudantium.', 3, '2020-08-25 23:48:47', '2020-08-25 23:48:47'),
(110, 42, 'Rowland Swaniawski', 'Laboriosam officia rerum laboriosam ratione consectetur. Expedita perspiciatis eos sunt recusandae vel. Veritatis sunt odio voluptas vitae repellat.', 2, '2020-08-25 23:48:47', '2020-08-25 23:48:47'),
(111, 10, 'Burley Treutel', 'Aut dicta ut pariatur amet. Inventore fugiat praesentium ipsam commodi quidem sequi.', 2, '2020-08-25 23:48:47', '2020-08-25 23:48:47'),
(112, 24, 'Halle Becker', 'Laudantium minima quam odit unde perferendis aut maiores nobis. Et quis nihil dolor porro et. Quia consequatur quos assumenda et.', 2, '2020-08-25 23:48:47', '2020-08-25 23:48:47'),
(113, 26, 'Robb Fadel', 'Voluptas accusantium sed ullam assumenda non molestiae. Rerum quidem minima hic qui excepturi. Fugiat placeat eius amet consequatur porro.', 4, '2020-08-25 23:48:47', '2020-08-25 23:48:47'),
(114, 16, 'Mr. Adolphus Hettinger', 'Nulla non autem cum reprehenderit eos consequatur est. Sed voluptatum voluptates cumque aut ipsum. Possimus iusto reiciendis dolores et necessitatibus.', 3, '2020-08-25 23:48:47', '2020-08-25 23:48:47'),
(115, 4, 'Corrine Mann', 'Minus fugiat labore sint ut dolorem. Ut deserunt aut deserunt id hic assumenda pariatur. Accusantium officia nulla dolor aperiam labore in tempora.', 3, '2020-08-25 23:48:47', '2020-08-25 23:48:47'),
(116, 42, 'Jason Pagac', 'Ipsam velit alias rerum ea at tenetur. Autem commodi eos ea aliquam.', 1, '2020-08-25 23:48:47', '2020-08-25 23:48:47'),
(117, 44, 'Kari Hagenes', 'Et molestiae sunt expedita velit. Facere placeat est est aut ipsam consequatur ipsam in. Ipsam et voluptatibus pariatur unde nulla eveniet quo. Corrupti ipsam rerum iusto ipsa odit.', 2, '2020-08-25 23:48:47', '2020-08-25 23:48:47'),
(118, 50, 'Dr. Karson O\'Connell', 'Delectus magnam non aut quis. Sed odio exercitationem vero ipsum necessitatibus. Qui nesciunt soluta quas doloremque aut impedit. Eveniet sed molestiae iste aliquid molestiae nobis beatae.', 4, '2020-08-25 23:48:47', '2020-08-25 23:48:47'),
(119, 25, 'Marguerite Kiehn', 'Labore ut commodi dolores et sint fugiat id. Qui enim animi consequatur molestiae nam. Ut suscipit id aliquam voluptas error quibusdam. Non iste et voluptatum quia sunt.', 5, '2020-08-25 23:48:47', '2020-08-25 23:48:47'),
(120, 1, 'Sandrine Thiel', 'Ipsum doloremque aspernatur blanditiis voluptatem beatae. Ducimus voluptatem laborum modi quis qui adipisci.', 3, '2020-08-25 23:48:47', '2020-08-25 23:48:47'),
(121, 33, 'Mandy Hirthe', 'Sit pariatur corrupti exercitationem. Et incidunt dolor ullam velit ut alias qui et. Repudiandae et iusto sint est sit et consequatur. Eos odit nesciunt consequuntur.', 1, '2020-08-25 23:48:47', '2020-08-25 23:48:47'),
(122, 50, 'Aiyana Murphy', 'Quibusdam explicabo quibusdam ut. Rerum nisi et aliquid. Optio atque culpa officia et quae tenetur.', 1, '2020-08-25 23:48:47', '2020-08-25 23:48:47'),
(123, 45, 'Clyde Wolff DVM', 'Laboriosam voluptatum cupiditate sed voluptatibus. Praesentium ab odio dolores voluptatem suscipit. Sed impedit assumenda ea omnis. Recusandae rem illo laudantium voluptatem.', 5, '2020-08-25 23:48:47', '2020-08-25 23:48:47'),
(124, 41, 'Andreanne Stokes', 'Placeat consequuntur aspernatur rerum fuga. Inventore enim dicta aut qui est natus. Qui dolor non possimus iusto. Nisi similique consequatur autem quasi et dolor possimus assumenda.', 2, '2020-08-25 23:48:47', '2020-08-25 23:48:47'),
(125, 4, 'Doyle Labadie', 'Error magni perspiciatis possimus ullam voluptatum. Odio nihil dignissimos quod doloremque voluptate sit rerum enim. Corrupti saepe placeat incidunt.', 4, '2020-08-25 23:48:47', '2020-08-25 23:48:47'),
(126, 10, 'Brennan Kris', 'Illo est itaque numquam voluptatem veritatis numquam quis. Alias tenetur doloribus repellat voluptates quia cumque aut. Molestiae tenetur fugiat molestias eaque blanditiis qui. Ut harum tenetur consequatur est velit non dignissimos.', 5, '2020-08-25 23:48:47', '2020-08-25 23:48:47'),
(127, 6, 'Cathryn Stokes', 'Enim sed porro eos repudiandae. Inventore sit voluptatem est unde. Architecto autem dolor dicta non ut sit. Error magnam aut quasi porro quaerat nostrum tenetur voluptatibus. Sed dolorem aut autem deserunt odit et magnam.', 1, '2020-08-25 23:48:47', '2020-08-25 23:48:47'),
(128, 31, 'Dr. Kayley O\'Connell MD', 'Aut a autem quisquam quia. Odit sed atque iusto nulla. Fugit ex saepe quibusdam rem accusamus eos.', 3, '2020-08-25 23:48:47', '2020-08-25 23:48:47'),
(129, 25, 'Dereck Schulist', 'Veniam sunt molestiae ea eligendi. Maxime qui eius rerum nam ipsa at esse. Est totam consectetur nostrum nihil laborum qui. Placeat odit ipsum sequi quidem est et asperiores.', 1, '2020-08-25 23:48:48', '2020-08-25 23:48:48'),
(130, 34, 'Miss Eliza Cummings', 'Ut animi omnis et et maxime vero provident. Delectus deleniti itaque quod sunt ullam eius rerum. Iure omnis quod recusandae qui repudiandae. Eligendi soluta atque voluptatum maiores omnis. Ea labore corrupti non a sint.', 4, '2020-08-25 23:48:48', '2020-08-25 23:48:48'),
(131, 45, 'Jaqueline Medhurst', 'Sit ut culpa reprehenderit. Dicta dignissimos suscipit ab similique sit et voluptatem. Tempora perferendis est at vero quam velit delectus.', 2, '2020-08-25 23:48:48', '2020-08-25 23:48:48'),
(132, 47, 'Hillary Schaefer', 'Possimus quo hic voluptatem quod libero in. Et fugiat facilis asperiores illo qui necessitatibus et. Numquam repudiandae velit quo. Dolorem ut est voluptas natus ab.', 1, '2020-08-25 23:48:48', '2020-08-25 23:48:48'),
(133, 20, 'Sophia Rice', 'Voluptatem rerum voluptatum cum qui ea quia omnis. Exercitationem illo incidunt modi non ullam deleniti rem cupiditate. Dolorem sint aperiam rerum dolorum quia non consequatur.', 3, '2020-08-25 23:48:48', '2020-08-25 23:48:48'),
(134, 41, 'Sid Abbott', 'Et sequi magni quidem quam reprehenderit dolorem et commodi. Numquam saepe quos ab illum. Iste dicta consequatur saepe fuga amet. Repellendus magni explicabo velit assumenda error culpa.', 2, '2020-08-25 23:48:48', '2020-08-25 23:48:48'),
(135, 44, 'Lemuel Glover', 'Maiores tempora culpa nemo harum. Quia eveniet repudiandae magni dolor eveniet. Iure adipisci voluptatem similique rerum repellendus.', 2, '2020-08-25 23:48:48', '2020-08-25 23:48:48'),
(136, 12, 'Adrain Carter', 'Alias et sit sit quas in ex sit aut. Eos non aut harum voluptas cupiditate porro deleniti. Quaerat provident non quis quia praesentium dolores repellendus.', 4, '2020-08-25 23:48:48', '2020-08-25 23:48:48'),
(137, 6, 'Floy Emmerich', 'Dignissimos doloremque quia consequatur ducimus rerum earum molestiae. Ut sit aspernatur velit aspernatur ut et et qui. Autem qui odio porro non.', 2, '2020-08-25 23:48:48', '2020-08-25 23:48:48'),
(138, 27, 'Dr. Agustin Schinner', 'Excepturi tempora possimus quisquam eum amet. Libero exercitationem et laboriosam praesentium rerum. Similique enim dolore voluptatum explicabo necessitatibus maxime. Molestiae voluptatum placeat consequatur amet commodi sunt. Id soluta et possimus fugiat voluptas.', 3, '2020-08-25 23:48:48', '2020-08-25 23:48:48'),
(139, 29, 'Shanna Oberbrunner', 'Illum eum et molestiae cupiditate et earum. Consequatur omnis et nemo ut amet. Aut similique quaerat recusandae. In est animi modi saepe autem id amet itaque.', 5, '2020-08-25 23:48:48', '2020-08-25 23:48:48'),
(140, 42, 'Kenna Schultz', 'Adipisci consectetur blanditiis voluptas porro. In modi officiis aut sint assumenda. Sint consequatur aut at ea dolor sint consequatur. Eum nesciunt dolores natus repudiandae sint.', 4, '2020-08-25 23:48:48', '2020-08-25 23:48:48'),
(141, 45, 'Wade Greenholt', 'Et harum sint ex omnis doloribus reiciendis quia ut. Est nam officia est consequatur. Aspernatur inventore doloribus esse dolorem. In ut temporibus consequatur voluptas culpa quaerat exercitationem incidunt.', 5, '2020-08-25 23:48:48', '2020-08-25 23:48:48'),
(142, 36, 'Lexus Donnelly MD', 'Est molestiae ipsum autem soluta tempore asperiores. Autem iure consequuntur minus est et neque. Qui tempore ut consequatur illo.', 2, '2020-08-25 23:48:48', '2020-08-25 23:48:48'),
(143, 42, 'Miss Madalyn Blick V', 'Molestiae alias qui odit non id vitae quo. Expedita optio tenetur harum nostrum. Recusandae non quo voluptates quas nisi praesentium ratione. Ipsam et sed voluptas.', 2, '2020-08-25 23:48:48', '2020-08-25 23:48:48'),
(144, 9, 'Prof. Dave Durgan V', 'Voluptatem esse atque ipsam saepe est et. Officiis sed et nesciunt sed est nam ut. Ad qui provident porro amet.', 1, '2020-08-25 23:48:48', '2020-08-25 23:48:48'),
(145, 26, 'Porter Cronin', 'Quibusdam voluptas id laudantium ipsa nostrum. Optio sed est quae labore ut qui quia. Sequi consectetur eligendi nulla.', 3, '2020-08-25 23:48:48', '2020-08-25 23:48:48'),
(146, 43, 'Mr. Cristobal Crist', 'Beatae nulla aut fugiat commodi aut quasi. Cupiditate et inventore sit velit debitis rerum et. Tempora fuga consectetur vel non pariatur vero omnis. Nulla eveniet libero doloremque qui.', 5, '2020-08-25 23:48:48', '2020-08-25 23:48:48'),
(147, 5, 'Annalise Sporer', 'Voluptatem incidunt eaque id exercitationem mollitia consequatur nemo. Sit velit quo debitis. Aut dolorum illum aut.', 2, '2020-08-25 23:48:48', '2020-08-25 23:48:48'),
(148, 36, 'Tabitha Wuckert', 'Fugit quia tenetur fugit id nostrum. Expedita quia sit quia.', 5, '2020-08-25 23:48:48', '2020-08-25 23:48:48'),
(149, 39, 'Lottie Balistreri V', 'Et quae doloribus fugit consequuntur officia quia. Accusamus qui non ratione et iure eos sequi. Nisi rerum delectus quas reiciendis similique corporis totam. Architecto qui veritatis temporibus laudantium.', 2, '2020-08-25 23:48:48', '2020-08-25 23:48:48'),
(150, 9, 'Aglae Watsica', 'Ut mollitia magni beatae. Iste et voluptates modi. Quae accusantium ut harum est quia cupiditate.', 4, '2020-08-25 23:48:48', '2020-08-25 23:48:48'),
(151, 25, 'Constantin Bogisich', 'Consequatur porro quod aut vero officiis natus. Tempore nisi facere velit architecto quia. Alias est dicta non cum enim. Nihil animi vel quo autem ipsum consequatur.', 1, '2020-08-25 23:48:48', '2020-08-25 23:48:48'),
(152, 34, 'Jamey Schultz', 'Nisi quia magnam in est quod sint. Non ipsam eveniet quia modi. Iusto fuga dicta animi unde sunt ratione.', 3, '2020-08-25 23:48:48', '2020-08-25 23:48:48'),
(153, 4, 'Lilly Lueilwitz III', 'Tenetur blanditiis cumque voluptatum vitae optio. Quia est voluptas quasi optio. Facere recusandae enim asperiores beatae nesciunt aliquam. Tempore assumenda corrupti fuga provident blanditiis consequatur.', 3, '2020-08-25 23:48:48', '2020-08-25 23:48:48'),
(154, 13, 'Dr. Orpha Kihn III', 'Est laborum qui quia error. Nesciunt nisi porro itaque recusandae qui perferendis. Alias provident aut sit nisi.', 1, '2020-08-25 23:48:48', '2020-08-25 23:48:48'),
(155, 32, 'Grayson Heller', 'Voluptas asperiores necessitatibus in dignissimos omnis. Rerum vel mollitia enim dignissimos ratione. Aliquid nam illo dolor est molestiae non. Aut quas ut natus quia culpa hic.', 1, '2020-08-25 23:48:48', '2020-08-25 23:48:48'),
(156, 40, 'Robin Connelly', 'Excepturi provident natus ut dicta. Rem rerum est qui deserunt.', 5, '2020-08-25 23:48:48', '2020-08-25 23:48:48'),
(157, 21, 'Jana Brown', 'Eum modi blanditiis omnis quia architecto quas. Aspernatur veniam inventore totam nesciunt exercitationem magnam modi. Aut eum quisquam et sit tempore. Deleniti quibusdam facere temporibus vel ducimus asperiores non.', 3, '2020-08-25 23:48:48', '2020-08-25 23:48:48'),
(158, 25, 'Mr. Jessy Hermiston V', 'Voluptas sint voluptatem eos autem et natus. Magnam numquam iusto sit quas quisquam. Voluptatem assumenda vel voluptatem. Voluptates molestiae fuga saepe qui cumque qui.', 2, '2020-08-25 23:48:48', '2020-08-25 23:48:48'),
(159, 11, 'Felicita Mraz', 'Voluptas eum magnam quia ab. Et aut quisquam nam voluptatibus tempore natus dolorem itaque. Ducimus vitae odit molestiae repellendus exercitationem aut neque. Qui pariatur occaecati vel et autem quia. Perspiciatis sapiente facilis voluptatem vel doloremque incidunt consectetur.', 5, '2020-08-25 23:48:48', '2020-08-25 23:48:48'),
(160, 8, 'Alanis Kuphal', 'Distinctio maiores tempore atque fugit soluta tempore. Repellat iste officia maxime sed. Et adipisci ab eveniet praesentium similique.', 1, '2020-08-25 23:48:49', '2020-08-25 23:48:49'),
(161, 34, 'Tevin Boehm V', 'Molestiae nisi laborum culpa nihil rerum ut est. Alias dolorum omnis dignissimos modi odio. Consequuntur ut dolorem consequatur eum dolores quis.', 2, '2020-08-25 23:48:49', '2020-08-25 23:48:49'),
(162, 25, 'Jordon Schneider', 'Consectetur quo veritatis repellat rerum. Tempore est dolore alias quia. Eius error maiores id quae iusto quod est.', 1, '2020-08-25 23:48:49', '2020-08-25 23:48:49'),
(163, 27, 'Prof. Jodie Hand PhD', 'Sed magni doloremque aliquam. Eveniet molestias beatae quas vero voluptas. Dolorem et reprehenderit ullam sint illum ratione. Et aliquam tempore laborum est. Nobis ut eos ipsum ducimus vero.', 4, '2020-08-25 23:48:49', '2020-08-25 23:48:49'),
(164, 30, 'Talia Schuster', 'Sit et quas atque voluptas rerum. Ut laudantium praesentium ad eveniet aliquid. Voluptatem facilis accusantium est vel laboriosam. Fugit et qui sit optio quia nemo. Atque soluta quis consequatur.', 2, '2020-08-25 23:48:49', '2020-08-25 23:48:49'),
(165, 25, 'Prof. Harold Feeney IV', 'Velit pariatur cupiditate aliquam maxime debitis earum eos eum. Dolorem officiis est rerum at amet facilis. Molestiae eveniet impedit dolor sequi quia laborum voluptatem sit.', 1, '2020-08-25 23:48:49', '2020-08-25 23:48:49'),
(166, 14, 'Eladio Mohr', 'Non dolorum sit nam. Aperiam quo dolores et quas dolor quam labore. Magni unde nesciunt enim ipsum vel numquam quae accusamus. Nulla illum harum vel ad voluptas qui nemo.', 2, '2020-08-25 23:48:49', '2020-08-25 23:48:49'),
(167, 43, 'Amely Lehner', 'Cumque perferendis non iure at impedit. Fugiat ipsam soluta facilis. Illum ducimus totam illo. Culpa earum quia doloribus facilis sit.', 5, '2020-08-25 23:48:49', '2020-08-25 23:48:49'),
(168, 38, 'Prof. Alexandrine Mayer', 'Non hic voluptas molestias temporibus. Voluptas aut quo totam. In qui reprehenderit quia ipsa.', 4, '2020-08-25 23:48:49', '2020-08-25 23:48:49'),
(169, 21, 'Ayden Lind IV', 'Occaecati nesciunt corporis omnis consequatur nostrum sed. Inventore itaque maiores enim vero officiis.', 5, '2020-08-25 23:48:49', '2020-08-25 23:48:49'),
(170, 45, 'Prof. Mekhi Labadie', 'Tenetur reprehenderit corporis ipsam maxime voluptate. Accusamus voluptates dolorum recusandae libero nobis qui. Aperiam aliquid velit provident tempore.', 3, '2020-08-25 23:48:49', '2020-08-25 23:48:49'),
(171, 15, 'Ezequiel Halvorson', 'Error aut recusandae doloremque illo sunt aut possimus. Modi non hic quaerat sit. Qui hic mollitia qui. Aut tenetur facere et laboriosam unde. Quia esse molestiae laborum tempore rerum nam ut tempora.', 3, '2020-08-25 23:48:49', '2020-08-25 23:48:49'),
(172, 49, 'Mrs. Alysha Beatty MD', 'Debitis aperiam dolor consequatur omnis nihil earum reiciendis. In autem autem aut eum aut molestias. Est aut ut dolore molestiae officia doloremque quia.', 5, '2020-08-25 23:48:49', '2020-08-25 23:48:49'),
(173, 22, 'Tobin Harris', 'Tenetur ex doloribus molestias repellendus corrupti ut velit. Non maiores fugit qui ullam. Animi odio fuga atque enim quia consequatur.', 2, '2020-08-25 23:48:49', '2020-08-25 23:48:49'),
(174, 31, 'Mr. Scot Thompson II', 'Consequatur nisi rerum velit voluptas quia. Esse voluptatibus nisi nihil iste. Enim quia optio dolorum.', 4, '2020-08-25 23:48:49', '2020-08-25 23:48:49'),
(175, 48, 'Arvilla Murray', 'Magnam tempore ipsum et sint quisquam. Voluptate quisquam sunt doloribus et quia doloribus.', 4, '2020-08-25 23:48:49', '2020-08-25 23:48:49'),
(176, 8, 'Prof. Bernice Hansen', 'Dolor laudantium optio temporibus quae itaque soluta tenetur. Voluptatem sequi quia perferendis aut non vel ipsa. Veniam vel aliquid possimus nemo voluptas id iste qui. Alias inventore est exercitationem atque ullam. Vitae et illum quia facilis placeat.', 5, '2020-08-25 23:48:49', '2020-08-25 23:48:49'),
(177, 34, 'Ms. Cristal Wolff II', 'Maxime sit qui tenetur sed commodi et. Dolore non modi iusto amet aut aut. Occaecati dicta est fugiat ratione omnis quaerat nesciunt. Illo aut soluta velit ex odio aut.', 1, '2020-08-25 23:48:49', '2020-08-25 23:48:49'),
(178, 50, 'Prof. Alessandro Thompson I', 'Ipsam libero corporis dignissimos debitis. Iusto velit corporis aut cupiditate quidem. Neque quasi nemo ea itaque. Molestiae in voluptatem sit quia deleniti voluptatem odio.', 2, '2020-08-25 23:48:49', '2020-08-25 23:48:49'),
(179, 22, 'Dawn Yundt', 'Quos accusamus dolore numquam atque veritatis voluptatem. Earum accusantium dolore natus occaecati est voluptatem non. Sint consectetur facere unde culpa dolorem suscipit.', 4, '2020-08-25 23:48:49', '2020-08-25 23:48:49'),
(180, 16, 'Daisy Schaden Jr.', 'Ratione est recusandae quia. Praesentium aliquid molestias nemo earum. Blanditiis sit eum laudantium qui occaecati dicta.', 1, '2020-08-25 23:48:50', '2020-08-25 23:48:50'),
(181, 39, 'Dominique Farrell Sr.', 'Excepturi consequatur quisquam aliquid excepturi est. Minima ut voluptatem nulla praesentium aut quis. Ipsam autem occaecati eos. Praesentium dolorem cum aut ut voluptatem. Quod ipsa qui perspiciatis ut maxime rerum fuga aliquam.', 3, '2020-08-25 23:48:50', '2020-08-25 23:48:50'),
(182, 15, 'Angelita Schmitt', 'Blanditiis soluta expedita est qui dignissimos. Consequatur natus nostrum iure dolores aliquam ratione. Est accusantium molestiae enim ut nulla mollitia. Praesentium cumque id ut amet.', 5, '2020-08-25 23:48:50', '2020-08-25 23:48:50'),
(183, 31, 'Hope Hane', 'Quis quam id non dolores repellendus temporibus et. Sit voluptatum iure eaque doloremque qui ea. Accusamus quibusdam quo sit repellendus quas.', 1, '2020-08-25 23:48:50', '2020-08-25 23:48:50'),
(184, 44, 'Marcelina Kuhlman', 'Blanditiis rerum animi distinctio architecto sed ratione. Hic earum accusamus voluptatibus corporis. Sunt accusamus id ipsam sequi quia.', 3, '2020-08-25 23:48:50', '2020-08-25 23:48:50'),
(185, 12, 'Mozell Leannon', 'In quis esse et quae temporibus eius debitis. Et ratione vel sunt voluptatem. Dolorum porro enim sit dolorem quasi. Aut et expedita neque at.', 3, '2020-08-25 23:48:50', '2020-08-25 23:48:50'),
(186, 20, 'Darron Zulauf', 'Suscipit minus autem mollitia incidunt laudantium. Quam impedit saepe commodi saepe quo ipsam repudiandae. Vero et et hic. Minus doloribus adipisci odit soluta. Ut molestiae ratione et quia totam culpa consequuntur.', 3, '2020-08-25 23:48:50', '2020-08-25 23:48:50'),
(187, 40, 'Austyn Kulas', 'Nam non vel ea sunt ut quam. Cupiditate nesciunt ipsa molestiae vero occaecati illo consectetur.', 1, '2020-08-25 23:48:50', '2020-08-25 23:48:50'),
(188, 33, 'Davonte Kihn PhD', 'Nostrum blanditiis eius sit. Dolor et et ut non. Tempora ut sed necessitatibus iste cupiditate est. Tempora ullam voluptatum corrupti voluptate quibusdam maiores totam.', 3, '2020-08-25 23:48:50', '2020-08-25 23:48:50'),
(189, 44, 'Kasey Jast', 'Dolorem similique magnam delectus. In commodi fugit ut ut quas et sapiente. Esse eius voluptatem dolorem.', 5, '2020-08-25 23:48:50', '2020-08-25 23:48:50'),
(190, 8, 'Jayden O\'Connell DVM', 'Ad sunt earum ea neque et excepturi quasi. Possimus hic aspernatur suscipit ea pariatur id aperiam. Doloribus occaecati porro veniam id ut vitae laborum.', 4, '2020-08-25 23:48:50', '2020-08-25 23:48:50'),
(191, 24, 'Dallas Abbott', 'Laboriosam ea et facilis quam. Autem explicabo voluptatibus est vel quia. Cumque et ut enim quia non.', 4, '2020-08-25 23:48:50', '2020-08-25 23:48:50'),
(192, 39, 'Berneice Hettinger Jr.', 'Harum possimus voluptatem sint vero nihil et. Officia unde consequuntur culpa velit sit libero at odio. Eveniet possimus sed eum expedita. Commodi exercitationem delectus nihil voluptatem.', 1, '2020-08-25 23:48:50', '2020-08-25 23:48:50'),
(193, 14, 'Granville Paucek', 'Ex possimus quo enim id dolorum excepturi distinctio. Ea commodi labore ipsa dolor cupiditate voluptate et. Id qui sint numquam quae perspiciatis at. Facilis reprehenderit distinctio molestiae tempore eum dolorem.', 1, '2020-08-25 23:48:50', '2020-08-25 23:48:50'),
(194, 9, 'Aimee Satterfield', 'Totam est aut cupiditate deleniti eum. Accusamus dolorum at sunt. Earum voluptatem architecto quo eum porro cupiditate officiis.', 3, '2020-08-25 23:48:50', '2020-08-25 23:48:50'),
(195, 14, 'Cordia Wilkinson MD', 'Magni corporis excepturi non vitae quia. Modi in aliquam a sit omnis maxime. Necessitatibus fuga alias ex rerum magnam.', 2, '2020-08-25 23:48:50', '2020-08-25 23:48:50'),
(196, 12, 'Dorris Leannon', 'Omnis modi est necessitatibus non ex est fuga laudantium. Distinctio eaque molestias praesentium. Iure vel et et.', 3, '2020-08-25 23:48:50', '2020-08-25 23:48:50'),
(197, 23, 'Prof. Stefan Bergstrom DDS', 'Minus mollitia quasi id eum eum. Et et commodi sint quas odit. Quia facilis odio reiciendis non beatae. Iure non illo aut porro neque.', 4, '2020-08-25 23:48:50', '2020-08-25 23:48:50'),
(198, 36, 'Prof. Concepcion Hintz', 'Rem iure odit nesciunt ut inventore debitis odit. Ad quia et et.', 3, '2020-08-25 23:48:50', '2020-08-25 23:48:50'),
(199, 46, 'Kristin Wilderman', 'Pariatur facilis et quisquam. Inventore excepturi voluptatem eveniet et illo. Corrupti consequatur officiis id illo. Non modi ut et aut beatae a.', 1, '2020-08-25 23:48:50', '2020-08-25 23:48:50'),
(200, 35, 'Hazle Douglas', 'Deserunt sed quam nam. Incidunt laborum nihil perferendis id aperiam consequatur necessitatibus fugit. Earum voluptatibus sed ipsam sequi perferendis laborum quidem. Impedit consequatur quis numquam. Et et molestias aut libero non ea in.', 5, '2020-08-25 23:48:50', '2020-08-25 23:48:50'),
(201, 30, 'Dr. Gloria Effertz', 'Odit corrupti cum dicta magnam aut architecto. Quaerat aut quia est iusto at.', 5, '2020-08-25 23:48:50', '2020-08-25 23:48:50'),
(202, 33, 'Miss Aliza Herman Sr.', 'Perspiciatis officiis perferendis provident saepe. Error iste praesentium distinctio voluptas aut ratione. Et est consequatur ratione voluptas. Quia sed deleniti doloribus porro odit.', 4, '2020-08-25 23:48:50', '2020-08-25 23:48:50'),
(203, 38, 'Jamar McClure', 'Harum dolores expedita eaque. Sint deserunt laborum sit eos quod repellat. Ipsum tenetur doloribus officiis ipsum omnis saepe provident. Autem ea rerum delectus aspernatur commodi fuga.', 3, '2020-08-25 23:48:50', '2020-08-25 23:48:50'),
(204, 12, 'Garrick Nitzsche', 'Minima distinctio est quis sapiente nobis esse. Quasi sit excepturi velit quaerat reprehenderit.', 5, '2020-08-25 23:48:50', '2020-08-25 23:48:50'),
(205, 24, 'Oran Barton', 'In possimus pariatur eum sapiente aut animi similique. Provident quos exercitationem odio amet. Temporibus sint omnis est aut. Rerum possimus eos ut fuga esse reiciendis dolores. Excepturi officia et ad rerum eos.', 2, '2020-08-25 23:48:50', '2020-08-25 23:48:50'),
(206, 28, 'Ms. Modesta Weimann', 'Earum explicabo sit voluptatem nihil recusandae debitis. Dolore ad aut quos esse et sed. Voluptates assumenda omnis amet iste incidunt veniam delectus.', 4, '2020-08-25 23:48:50', '2020-08-25 23:48:50'),
(207, 34, 'Mrs. Shirley Buckridge', 'Et voluptatum qui dolorum sint. Consequatur enim quia voluptas ex sit. Perferendis enim repellat reiciendis est et consectetur veniam.', 4, '2020-08-25 23:48:50', '2020-08-25 23:48:50'),
(208, 45, 'Cassandre Dickinson', 'Vitae molestiae repellat officia et doloremque aliquam. Numquam aut sunt ut saepe dolores sit. Quibusdam beatae doloremque aspernatur unde voluptatem qui nam. Incidunt molestiae suscipit quo officiis est.', 2, '2020-08-25 23:48:50', '2020-08-25 23:48:50'),
(209, 50, 'Mitchell Wisoky', 'Voluptas iure similique quibusdam magnam voluptatem dolor. Iure enim aut illo qui aut asperiores. Ab ad placeat eos.', 2, '2020-08-25 23:48:50', '2020-08-25 23:48:50'),
(210, 25, 'Aliza Olson', 'Itaque incidunt in odio. Cum voluptas adipisci velit. Eius saepe non ad in aspernatur.', 4, '2020-08-25 23:48:50', '2020-08-25 23:48:50'),
(211, 20, 'Dr. Harvey Conn', 'Dignissimos quo esse voluptates qui autem. Veniam at dolorum et eligendi eaque quia ut. Non ut itaque placeat ut doloremque odit.', 3, '2020-08-25 23:48:50', '2020-08-25 23:48:50'),
(212, 11, 'Mr. Ethan Mayer I', 'Aperiam beatae omnis qui beatae quia. Iusto voluptas et eos inventore itaque dolores nulla.', 3, '2020-08-25 23:48:51', '2020-08-25 23:48:51'),
(213, 8, 'Amya Wolf', 'Mollitia eius accusantium natus. Dignissimos magnam perferendis ut eum qui. Architecto itaque corporis non non est repellat. Corporis aspernatur repellendus rerum.', 5, '2020-08-25 23:48:51', '2020-08-25 23:48:51');
INSERT INTO `reviews` (`id`, `product_id`, `customer`, `review`, `star`, `created_at`, `updated_at`) VALUES
(214, 3, 'Tristian Franecki', 'Deleniti expedita architecto quod in. Sunt rem saepe dolorem sit aut dignissimos provident. Aut quaerat praesentium impedit consectetur ut. Cumque dolores doloribus doloribus vero dolores.', 4, '2020-08-25 23:48:51', '2020-08-25 23:48:51'),
(215, 29, 'Elinore Stark', 'Suscipit dolorem fugit velit. Enim ipsa doloribus qui et ut. Repellendus deleniti corporis quae ut sapiente.', 1, '2020-08-25 23:48:51', '2020-08-25 23:48:51'),
(216, 49, 'Amalia Vandervort', 'Dolores et commodi ut nobis eligendi. Amet minus dignissimos est numquam. Sed aliquam qui quos sapiente quidem et. Et harum vitae enim voluptatem quos.', 1, '2020-08-25 23:48:51', '2020-08-25 23:48:51'),
(217, 17, 'Dr. Hettie Carter', 'Omnis sit laboriosam consequatur sunt deserunt repellendus natus assumenda. Adipisci odio amet et officiis consequatur. Enim ad aliquam laborum eaque est. Ut et delectus ut amet omnis officia saepe.', 2, '2020-08-25 23:48:51', '2020-08-25 23:48:51'),
(218, 15, 'Carlie Tillman', 'Quo qui aut aut repudiandae dignissimos non ut. Voluptate et dicta vel vero voluptas. Eum rerum est temporibus quo amet nulla voluptas architecto.', 2, '2020-08-25 23:48:51', '2020-08-25 23:48:51'),
(219, 46, 'Jerry O\'Keefe', 'Aut porro recusandae recusandae id. Hic illo quia ab repudiandae est. Aperiam dolorem molestias magni vero ut et. Sint deleniti magni vel voluptates quae.', 1, '2020-08-25 23:48:51', '2020-08-25 23:48:51'),
(220, 22, 'Robert Rolfson', 'A adipisci doloremque qui reiciendis ad. Est architecto explicabo animi officia non. Et molestiae repellendus dolor qui sed soluta delectus.', 3, '2020-08-25 23:48:51', '2020-08-25 23:48:51'),
(221, 46, 'Mr. Gussie Nikolaus', 'Non qui sapiente mollitia. Est qui sequi fugit quia qui. Sed autem nihil dolorem beatae eos.', 3, '2020-08-25 23:48:51', '2020-08-25 23:48:51'),
(222, 20, 'Vicky Schowalter', 'Deleniti iste dolorum facilis dolores provident. Quia qui qui debitis nobis aut optio est. Unde ducimus enim atque et et dolores.', 5, '2020-08-25 23:48:51', '2020-08-25 23:48:51'),
(223, 4, 'Keegan Baumbach II', 'Nesciunt molestias reiciendis eum est totam voluptatem quo. Dolor et vitae odio provident voluptas. Excepturi laboriosam mollitia amet vitae temporibus repellendus enim. At aut culpa quas corporis.', 5, '2020-08-25 23:48:51', '2020-08-25 23:48:51'),
(224, 8, 'Evelyn Kuphal', 'Impedit voluptate qui aut aut quaerat. Quo facere consequatur eum illum non pariatur consequatur. Optio rem voluptatem odio et vel in.', 2, '2020-08-25 23:48:51', '2020-08-25 23:48:51'),
(225, 27, 'Miss Kelsie Hahn V', 'Quae debitis voluptas excepturi perspiciatis. Dolorum voluptatem rerum in eos tenetur voluptates. Porro et corporis reiciendis est.', 3, '2020-08-25 23:48:51', '2020-08-25 23:48:51'),
(226, 23, 'Isadore Steuber', 'Commodi quae repellendus suscipit quibusdam aut ea. Fugiat occaecati corrupti rerum quis quis magnam consequatur voluptas. Sit sunt facere et alias qui accusantium.', 3, '2020-08-25 23:48:51', '2020-08-25 23:48:51'),
(227, 26, 'Maximus Mraz', 'Nihil et voluptatem eos sequi perferendis. At odio maiores possimus velit eos eum qui voluptas. Incidunt pariatur nesciunt possimus dolorem et quisquam qui.', 1, '2020-08-25 23:48:51', '2020-08-25 23:48:51'),
(228, 5, 'Eulalia Mohr I', 'Autem culpa odio et necessitatibus. Quidem officia dolorem dolor aut.', 2, '2020-08-25 23:48:51', '2020-08-25 23:48:51'),
(229, 32, 'Eulah Botsford', 'Sed iusto ut non. Delectus dicta laboriosam eveniet omnis est doloremque. Enim mollitia commodi inventore recusandae labore praesentium vel quia.', 4, '2020-08-25 23:48:51', '2020-08-25 23:48:51'),
(230, 9, 'Erika Torp', 'Cumque iure pariatur eveniet ratione corrupti eos. Quibusdam vero dolorum molestias. Illo animi occaecati aut reiciendis distinctio doloremque eos. Doloribus hic quaerat dicta impedit.', 1, '2020-08-25 23:48:51', '2020-08-25 23:48:51'),
(231, 26, 'Bernardo Hauck', 'Deserunt rerum ducimus harum culpa quasi eveniet mollitia. Et fuga quis illo consequatur. Consequatur cupiditate ipsam harum placeat velit ad.', 1, '2020-08-25 23:48:51', '2020-08-25 23:48:51'),
(232, 6, 'Theodora Powlowski', 'Quidem dolor est sit. Dolorem consequatur eligendi amet quisquam ut. Natus doloremque ut ipsa nam molestiae esse aut. Rem explicabo aut aperiam et enim perferendis autem.', 3, '2020-08-25 23:48:51', '2020-08-25 23:48:51'),
(233, 1, 'Felipe Brakus', 'Officiis nihil aliquam repellendus facilis aut quaerat. Dolor ut sit commodi recusandae fugiat. Laboriosam eos voluptates est quidem minima ea quo velit. Dolores et alias quos autem non dolor optio. Dolorem sunt voluptatem odit saepe dignissimos et quia sapiente.', 2, '2020-08-25 23:48:51', '2020-08-25 23:48:51'),
(234, 47, 'Juvenal Schamberger', 'Quasi quibusdam ut sapiente natus. Ea officia deserunt reiciendis atque nihil aut adipisci. Dicta optio quibusdam rerum consequatur eligendi voluptatum rerum.', 3, '2020-08-25 23:48:51', '2020-08-25 23:48:51'),
(235, 24, 'Dr. Piper Bogisich', 'Laboriosam velit officiis libero commodi at voluptatibus et. Voluptatum eos esse dolorem nisi. Sit sed nam temporibus quia. Quis dolore sapiente ea quia accusamus odit.', 3, '2020-08-25 23:48:52', '2020-08-25 23:48:52'),
(236, 3, 'Ashley Shanahan MD', 'Eos ut aliquam assumenda esse. Dolorum et quia voluptas doloremque fugit. Commodi quae ipsa beatae cum sint esse voluptatibus.', 2, '2020-08-25 23:48:52', '2020-08-25 23:48:52'),
(237, 30, 'Mrs. Alexandra Fritsch', 'Iste voluptates minus dolorem ea excepturi nihil quia vero. Quis reprehenderit optio nulla optio consequuntur saepe. Ea non voluptatem veniam dolore. Sed pariatur culpa cum sunt nam.', 4, '2020-08-25 23:48:52', '2020-08-25 23:48:52'),
(238, 41, 'Deangelo Pacocha', 'Facilis aliquam facilis labore vitae. Ab incidunt iusto numquam et excepturi. Ea alias repellat consequatur eligendi et molestiae. Quaerat mollitia necessitatibus natus consectetur eum. Autem sit et reprehenderit.', 5, '2020-08-25 23:48:52', '2020-08-25 23:48:52'),
(239, 18, 'Trever Jacobson', 'Praesentium eaque nostrum deleniti est maiores et quia. Sint ea inventore dolores et. Molestiae quam quos fuga eligendi.', 5, '2020-08-25 23:48:52', '2020-08-25 23:48:52'),
(240, 6, 'Arvid Schultz', 'Soluta soluta sint harum. Rerum sunt odio sunt id voluptatem voluptatem. Excepturi odit labore ipsa voluptatem dignissimos ullam.', 2, '2020-08-25 23:48:52', '2020-08-25 23:48:52'),
(241, 18, 'Mrs. Christine Skiles PhD', 'In qui unde est nam. Nam inventore saepe quasi vel. Et iusto nihil autem sit modi sunt ipsa. Voluptas id quod quia ut.', 4, '2020-08-25 23:48:52', '2020-08-25 23:48:52'),
(242, 17, 'Fanny Frami PhD', 'Maxime mollitia culpa eos voluptates at quia commodi. Consectetur consequatur et incidunt veritatis et. Esse numquam fugiat ut repellendus quis sed minima. Quia esse qui quia ipsa minima sit.', 2, '2020-08-25 23:48:52', '2020-08-25 23:48:52'),
(243, 49, 'Raphael Koch', 'Illum eligendi eum voluptatem harum odit possimus. Voluptate culpa incidunt aspernatur eius placeat. Sapiente suscipit autem et incidunt rerum.', 2, '2020-08-25 23:48:52', '2020-08-25 23:48:52'),
(244, 23, 'Arlo Bednar', 'Mollitia aut ex error modi ullam. Qui ratione eos consequatur fuga excepturi soluta aperiam.', 2, '2020-08-25 23:48:52', '2020-08-25 23:48:52'),
(245, 46, 'Jaylin Veum', 'Ratione maiores enim neque architecto nulla reiciendis. Unde exercitationem soluta illum autem fuga reprehenderit temporibus. Omnis autem aliquam vel inventore. Voluptatibus dolor quis fuga et.', 2, '2020-08-25 23:48:52', '2020-08-25 23:48:52'),
(246, 8, 'Gabe Simonis III', 'Rerum commodi et omnis iure et assumenda similique. Ipsa sunt corporis esse impedit nobis quisquam. Incidunt deserunt fugiat totam facilis ut nihil alias qui. Unde occaecati quia odit veritatis quo dolorum quidem.', 4, '2020-08-25 23:48:52', '2020-08-25 23:48:52'),
(247, 19, 'Virgie Wilkinson', 'Officia numquam quaerat nihil. Est sequi est quibusdam iusto iste voluptatem. Dolorem quis officiis unde omnis vel. Possimus necessitatibus iusto voluptatem.', 5, '2020-08-25 23:48:52', '2020-08-25 23:48:52'),
(248, 31, 'Leann Gleason', 'Sit mollitia commodi doloremque ut. Rerum et quod quaerat et cumque.', 1, '2020-08-25 23:48:52', '2020-08-25 23:48:52'),
(249, 2, 'Reyes O\'Connell', 'Vitae consequatur maxime nam nihil. Est quae modi quam dolorem sapiente ipsum est consequatur. Quia repudiandae non qui dolorum impedit odio quaerat sint. Nihil perferendis voluptatibus tempora quisquam.', 3, '2020-08-25 23:48:52', '2020-08-25 23:48:52'),
(250, 38, 'Gabrielle Johnston', 'Incidunt adipisci non voluptatem id maiores dignissimos. Ut recusandae a quaerat velit earum quia perspiciatis. Quos est debitis eum numquam eum. Omnis excepturi qui id est libero ea. Atque ex porro et et minima molestias necessitatibus dignissimos.', 2, '2020-08-25 23:48:52', '2020-08-25 23:48:52'),
(251, 12, 'Prof. Cyril Pfeffer', 'Voluptatem voluptas hic dolorum suscipit. Occaecati eos aut deserunt sed placeat laboriosam. Nesciunt et animi hic sit suscipit facere modi. Maiores libero id quia aut assumenda.', 5, '2020-08-25 23:48:52', '2020-08-25 23:48:52'),
(252, 3, 'Prof. Christina Hamill DDS', 'Sed voluptas deserunt aut. Expedita voluptatem qui illo saepe ab. Dolor enim accusantium tempore dignissimos dolor omnis. Illo rem sed aut earum fugit.', 1, '2020-08-25 23:48:52', '2020-08-25 23:48:52'),
(253, 29, 'Icie Tromp', 'Dolores deleniti est assumenda architecto sint et magni. Quia suscipit porro reprehenderit suscipit amet et. At et placeat esse vel dolore assumenda quasi unde.', 2, '2020-08-25 23:48:52', '2020-08-25 23:48:52'),
(254, 14, 'Patricia Mosciski', 'Non quaerat molestiae non et eos. Ullam rem sunt maiores cumque vel. Illo repellendus est et eos eum ab. Enim fuga beatae quam architecto ea cupiditate.', 4, '2020-08-25 23:48:52', '2020-08-25 23:48:52'),
(255, 3, 'Patricia O\'Keefe', 'Mollitia quis sint eum. Accusantium et sunt velit qui et quos. Vitae odio nihil rerum inventore qui est aliquam qui.', 4, '2020-08-25 23:48:52', '2020-08-25 23:48:52'),
(256, 39, 'Bradford Fisher', 'Est ad iure dolorem vel qui. Aliquam est nulla numquam consequatur non. Harum dolore ipsa sit.', 3, '2020-08-25 23:48:52', '2020-08-25 23:48:52'),
(257, 4, 'Tara Kris', 'Vero veniam vel occaecati quidem voluptatem. Qui eius tempore autem autem deleniti. Accusamus adipisci nisi beatae enim. Occaecati exercitationem tenetur id ad dolorum.', 4, '2020-08-25 23:48:52', '2020-08-25 23:48:52'),
(258, 8, 'Lolita McGlynn', 'Saepe repellendus deserunt dicta aliquid sunt ut. Quam ut amet magni et. Ipsa saepe harum mollitia sit et beatae eligendi esse. Id ipsam sapiente qui et ipsam autem voluptatem. Porro vel reprehenderit porro voluptatibus ea sint iure.', 3, '2020-08-25 23:48:52', '2020-08-25 23:48:52'),
(259, 9, 'Destinee Sanford', 'Sunt fugiat suscipit enim est sed. Autem quae dignissimos enim voluptas esse culpa. Velit qui error aliquid. Eveniet quis non iste saepe ratione voluptatem.', 5, '2020-08-25 23:48:52', '2020-08-25 23:48:52'),
(260, 33, 'Prof. Matteo Carter', 'Voluptatem qui qui et sapiente quis. Omnis et totam ut. Dicta dolores ipsa porro aut.', 5, '2020-08-25 23:48:52', '2020-08-25 23:48:52'),
(261, 45, 'Letitia Batz', 'Sunt aut est neque. Ut tempora consequuntur eum accusamus culpa est molestias. Ipsum sed optio porro nam quo veritatis. Enim incidunt temporibus et.', 4, '2020-08-25 23:48:53', '2020-08-25 23:48:53'),
(262, 44, 'Prof. Raven Bernhard', 'Alias corporis odio velit deserunt. Omnis blanditiis sequi dolores numquam fugiat. Soluta in debitis et quos blanditiis est ut. Doloribus voluptate sint et voluptas rerum ducimus ea autem. Eaque rerum magni eum rem atque.', 5, '2020-08-25 23:48:53', '2020-08-25 23:48:53'),
(263, 44, 'Ursula Ratke', 'Excepturi inventore eum libero velit similique. Consequatur eos repellendus quos et molestiae. Et nesciunt aliquid omnis magni. Voluptas nobis totam ut placeat placeat.', 3, '2020-08-25 23:48:53', '2020-08-25 23:48:53'),
(264, 14, 'Dr. Myrtie Moen III', 'Aut animi accusantium eligendi sed repudiandae corrupti neque. Est magni quod laboriosam facilis rem voluptatem officiis aut. Reprehenderit amet et in distinctio cupiditate.', 1, '2020-08-25 23:48:53', '2020-08-25 23:48:53'),
(265, 29, 'Dr. Bella Gottlieb III', 'Aperiam odit similique est voluptatum hic aut. Eos provident sed illo voluptatibus. Quia distinctio iusto unde quo qui odio sit. Nemo aut est nisi fugit nostrum.', 2, '2020-08-25 23:48:53', '2020-08-25 23:48:53'),
(266, 14, 'Mr. Jerome Douglas DVM', 'Voluptatem ut dolorem quod adipisci possimus. Autem distinctio magnam et dolor. Labore et sed sint quo tempora. Repellendus voluptatem voluptatem eum deleniti nihil et.', 3, '2020-08-25 23:48:53', '2020-08-25 23:48:53'),
(267, 50, 'Orpha Howe', 'Ut et soluta cupiditate eligendi iure quod minus. Ut eligendi odio nobis quia aut aut. Maiores dolorem eos tempora. Dolorem qui vitae sit.', 5, '2020-08-25 23:48:53', '2020-08-25 23:48:53'),
(268, 36, 'Kirstin Schroeder', 'Aut et consequuntur sed nisi rerum. Earum animi numquam omnis impedit quae aspernatur. Laboriosam omnis ea reiciendis nisi maxime omnis totam. Iste consectetur totam quia.', 5, '2020-08-25 23:48:53', '2020-08-25 23:48:53'),
(269, 39, 'Leann Armstrong', 'Cumque sit hic corrupti excepturi vel labore fugit ratione. Sunt aspernatur ut et quas. Nisi eos quo fugit sed et. Praesentium ut libero qui itaque.', 5, '2020-08-25 23:48:53', '2020-08-25 23:48:53'),
(270, 12, 'Dr. Arvilla Wolf I', 'Labore quae consequatur explicabo autem. Consequuntur voluptatem praesentium libero. Saepe molestias provident a neque.', 4, '2020-08-25 23:48:53', '2020-08-25 23:48:53'),
(271, 21, 'Prof. Harrison Vandervort DDS', 'Est corrupti molestiae rerum dolores pariatur est quasi. Quod minima tempora dolore sit ut. Doloribus possimus omnis facilis in iusto quis. Eos ipsa reprehenderit repudiandae eius itaque itaque. Non eum eum ea nemo sed.', 3, '2020-08-25 23:48:53', '2020-08-25 23:48:53'),
(272, 5, 'Dolores Wisoky', 'At sed et perspiciatis asperiores reiciendis. Qui nihil in perspiciatis voluptatem facere praesentium.', 5, '2020-08-25 23:48:53', '2020-08-25 23:48:53'),
(273, 20, 'Devin Considine V', 'Voluptate rerum modi voluptatem nihil molestiae animi quidem alias. Tempore nostrum nobis rem esse quis sint necessitatibus ipsam. Voluptatibus occaecati voluptas et labore labore voluptatem.', 3, '2020-08-25 23:48:53', '2020-08-25 23:48:53'),
(274, 23, 'Ola Donnelly', 'Minus eum perferendis a optio sapiente omnis repudiandae. Nam assumenda possimus sint. Aut excepturi cupiditate incidunt consequuntur sint.', 5, '2020-08-25 23:48:53', '2020-08-25 23:48:53'),
(275, 40, 'Ms. Nella Mraz V', 'Ut reiciendis sint et blanditiis. Quisquam tempora sint facere ad et. Id recusandae quia quos.', 4, '2020-08-25 23:48:53', '2020-08-25 23:48:53'),
(276, 17, 'Vladimir Collier', 'Delectus nisi natus quod vero quos. Hic soluta unde rerum reprehenderit id quaerat veniam. Ut dolor hic odit est. Distinctio sint dolorum temporibus in.', 5, '2020-08-25 23:48:53', '2020-08-25 23:48:53'),
(277, 33, 'Blanca Stamm', 'Aut ex omnis cumque quo placeat. Ipsum eligendi quo corrupti officia. Enim voluptatem et explicabo quibusdam laborum ut sit. Sit rerum ut accusamus est quia non. Assumenda sit dolorem numquam molestiae dolorem illum recusandae.', 1, '2020-08-25 23:48:53', '2020-08-25 23:48:53'),
(278, 8, 'Devante Hoppe', 'Blanditiis et ad officia temporibus. Ut voluptas voluptatem corrupti enim est repellat eligendi autem. Delectus nostrum dolor iste voluptates qui non.', 1, '2020-08-25 23:48:53', '2020-08-25 23:48:53'),
(279, 4, 'Rosario Yost', 'Molestias in necessitatibus sed placeat vel. Velit omnis provident recusandae laboriosam corrupti. Hic aut harum incidunt exercitationem consequatur beatae.', 2, '2020-08-25 23:48:53', '2020-08-25 23:48:53'),
(280, 46, 'Rosella Raynor DDS', 'Et odio tenetur quia qui quasi cum harum. Rem eaque occaecati rerum veniam neque. Non quis eos laborum praesentium.', 3, '2020-08-25 23:48:53', '2020-08-25 23:48:53'),
(281, 41, 'Jennie Hettinger II', 'Officiis non voluptatem optio voluptatem. Et rerum similique eligendi sed. Eveniet sunt iusto suscipit tenetur dolorem et aspernatur unde.', 3, '2020-08-25 23:48:53', '2020-08-25 23:48:53'),
(282, 11, 'Hildegard Halvorson', 'Est nihil voluptatem vero dolor voluptatum dolor. Quidem placeat perspiciatis rem et dignissimos. Culpa minima aut id et atque adipisci maiores. Illo nam dolorem laudantium aspernatur exercitationem quasi quia at.', 3, '2020-08-25 23:48:54', '2020-08-25 23:48:54'),
(283, 33, 'Mr. Lorenz Hickle I', 'Quisquam qui alias inventore amet voluptatem enim sint. Dolor adipisci ex aliquam perferendis pariatur. Ea voluptatem hic quam deleniti consequatur.', 2, '2020-08-25 23:48:54', '2020-08-25 23:48:54'),
(284, 37, 'Ferne Kunde V', 'Voluptatum consequatur minima nesciunt et. Pariatur eos qui odio est enim accusamus. Iusto facere occaecati ipsum. Sit voluptas est omnis qui.', 5, '2020-08-25 23:48:54', '2020-08-25 23:48:54'),
(285, 47, 'Mitchel Homenick', 'Unde dolor laboriosam quod et consequuntur. Doloremque et non vel amet iste facilis. Hic voluptatem quisquam sequi numquam deserunt voluptate quis. Ipsum perspiciatis libero inventore incidunt ab magni dicta.', 3, '2020-08-25 23:48:54', '2020-08-25 23:48:54'),
(286, 16, 'Mr. Kyle Funk Jr.', 'Dolores ratione et est at expedita cupiditate sit aperiam. Enim ducimus eos minima nesciunt vel. Impedit consequatur ullam quasi ut est iusto aut.', 1, '2020-08-25 23:48:54', '2020-08-25 23:48:54'),
(287, 13, 'Lia Zboncak', 'Aliquam sapiente natus impedit sed sint. Et expedita officia magni magni eveniet. Voluptatem quaerat impedit facilis provident voluptatem at vero. Sed voluptatem corporis nostrum at est aliquam eum. Eum in et quo atque numquam vel id blanditiis.', 4, '2020-08-25 23:48:54', '2020-08-25 23:48:54'),
(288, 7, 'Jeremy Feest', 'Enim voluptates ad facere nulla. Non est facere quaerat aspernatur. Laboriosam quibusdam natus sed dolorem.', 2, '2020-08-25 23:48:54', '2020-08-25 23:48:54'),
(289, 49, 'Stewart Gislason', 'Autem sunt ipsum illum cum. Fuga reiciendis beatae eos ipsa modi cumque vitae. Minus dolores perspiciatis dolor sit.', 5, '2020-08-25 23:48:54', '2020-08-25 23:48:54'),
(290, 32, 'Ellsworth Schumm MD', 'Est deserunt quo illo earum fugiat voluptatem. A sunt sapiente consequatur. Tenetur consequatur eligendi molestias sed architecto. Ut nostrum exercitationem qui in est laborum.', 2, '2020-08-25 23:48:54', '2020-08-25 23:48:54'),
(291, 6, 'Mr. Isom Frami IV', 'Est quos nam ullam consequuntur mollitia. Inventore voluptatem qui quia ut cupiditate aliquam ad sint. Esse sit est dolor et iure.', 3, '2020-08-25 23:48:54', '2020-08-25 23:48:54'),
(292, 49, 'Prof. Margarette Weissnat', 'Dolorum sed assumenda voluptatem rem et odit dolorem. Nihil voluptates aliquid amet sed. Tenetur iusto et rerum ipsam quia et quam.', 4, '2020-08-25 23:48:54', '2020-08-25 23:48:54'),
(293, 38, 'Mr. Gennaro Littel', 'In necessitatibus aperiam animi ipsam ipsam. Facilis odio facilis quo deserunt recusandae quidem. Explicabo minima fugiat eum qui et. Alias molestiae rerum omnis reiciendis et corporis quo.', 1, '2020-08-25 23:48:54', '2020-08-25 23:48:54'),
(294, 6, 'Rebeca Cruickshank', 'Omnis impedit consequatur iste quis sit. Deleniti aperiam quia ab et laudantium sint adipisci id. Debitis esse dolor et magnam.', 5, '2020-08-25 23:48:54', '2020-08-25 23:48:54'),
(295, 21, 'Vicenta Murray', 'Hic autem iste hic. Beatae natus natus error sapiente officiis. Voluptate cumque ipsa veniam sunt iste et.', 1, '2020-08-25 23:48:54', '2020-08-25 23:48:54'),
(296, 27, 'Ms. Dakota Hintz MD', 'Explicabo qui et consectetur rerum rerum vero et. Atque voluptatum non voluptates culpa. Et ad recusandae quas quis. Sed excepturi earum repellat non. Sint dolor incidunt tempore qui alias quas non.', 2, '2020-08-25 23:48:54', '2020-08-25 23:48:54'),
(297, 19, 'Samson Moore', 'Deleniti architecto nemo rerum. Porro molestiae qui in quo quasi. Nam consequatur dolorem modi reprehenderit quaerat.', 5, '2020-08-25 23:48:54', '2020-08-25 23:48:54'),
(298, 48, 'Anna Murray', 'Maxime animi libero alias maxime sed totam alias voluptas. Sed eum corporis minus. Nostrum eos ipsa excepturi nulla labore natus ut molestias.', 4, '2020-08-25 23:48:54', '2020-08-25 23:48:54'),
(299, 23, 'Claudie Leannon', 'Doloremque aut porro quo quis ut quam ratione. Nesciunt itaque nemo enim consequatur aut sed. In dolores amet doloribus omnis in. Rem voluptates molestias exercitationem id non qui.', 4, '2020-08-25 23:48:54', '2020-08-25 23:48:54'),
(300, 22, 'Prof. Alene Doyle', 'Nisi cum sunt necessitatibus in occaecati. Totam qui quas sint rerum animi quasi explicabo neque. Illo aspernatur expedita id accusantium eos quam nihil.', 5, '2020-08-25 23:48:54', '2020-08-25 23:48:54');

-- --------------------------------------------------------

--
-- Table structure for table `users`
--

CREATE TABLE `users` (
  `id` bigint(20) UNSIGNED NOT NULL,
  `name` varchar(255) COLLATE utf8mb4_unicode_ci NOT NULL,
  `email` varchar(255) COLLATE utf8mb4_unicode_ci NOT NULL,
  `email_verified_at` timestamp NULL DEFAULT NULL,
  `password` varchar(255) COLLATE utf8mb4_unicode_ci NOT NULL,
  `remember_token` varchar(100) COLLATE utf8mb4_unicode_ci DEFAULT NULL,
  `created_at` timestamp NULL DEFAULT NULL,
  `updated_at` timestamp NULL DEFAULT NULL
) ENGINE=InnoDB DEFAULT CHARSET=utf8mb4 COLLATE=utf8mb4_unicode_ci;

--
-- Indexes for dumped tables
--

--
-- Indexes for table `failed_jobs`
--
ALTER TABLE `failed_jobs`
  ADD PRIMARY KEY (`id`);

--
-- Indexes for table `migrations`
--
ALTER TABLE `migrations`
  ADD PRIMARY KEY (`id`);

--
-- Indexes for table `password_resets`
--
ALTER TABLE `password_resets`
  ADD KEY `password_resets_email_index` (`email`);

--
-- Indexes for table `products`
--
ALTER TABLE `products`
  ADD PRIMARY KEY (`id`);

--
-- Indexes for table `reviews`
--
ALTER TABLE `reviews`
  ADD PRIMARY KEY (`id`),
  ADD KEY `reviews_product_id_index` (`product_id`);

--
-- Indexes for table `users`
--
ALTER TABLE `users`
  ADD PRIMARY KEY (`id`),
  ADD UNIQUE KEY `users_email_unique` (`email`);

--
-- AUTO_INCREMENT for dumped tables
--

--
-- AUTO_INCREMENT for table `failed_jobs`
--
ALTER TABLE `failed_jobs`
  MODIFY `id` bigint(20) UNSIGNED NOT NULL AUTO_INCREMENT;

--
-- AUTO_INCREMENT for table `migrations`
--
ALTER TABLE `migrations`
  MODIFY `id` int(10) UNSIGNED NOT NULL AUTO_INCREMENT, AUTO_INCREMENT=6;

--
-- AUTO_INCREMENT for table `products`
--
ALTER TABLE `products`
  MODIFY `id` int(10) UNSIGNED NOT NULL AUTO_INCREMENT, AUTO_INCREMENT=51;

--
-- AUTO_INCREMENT for table `reviews`
--
ALTER TABLE `reviews`
  MODIFY `id` int(10) UNSIGNED NOT NULL AUTO_INCREMENT, AUTO_INCREMENT=301;

--
-- AUTO_INCREMENT for table `users`
--
ALTER TABLE `users`
  MODIFY `id` bigint(20) UNSIGNED NOT NULL AUTO_INCREMENT;

--
-- Constraints for dumped tables
--

--
-- Constraints for table `reviews`
--
ALTER TABLE `reviews`
  ADD CONSTRAINT `reviews_product_id_foreign` FOREIGN KEY (`product_id`) REFERENCES `products` (`id`) ON DELETE CASCADE;
COMMIT;

/*!40101 SET CHARACTER_SET_CLIENT=@OLD_CHARACTER_SET_CLIENT */;
/*!40101 SET CHARACTER_SET_RESULTS=@OLD_CHARACTER_SET_RESULTS */;
/*!40101 SET COLLATION_CONNECTION=@OLD_COLLATION_CONNECTION */;
